source_page,league,home_team,away_team,match_datetime,score_home,score_away,site_pick_1x2,site_marked_correct_icon,match_url,collected_at_utc
today,Mexique: Liga MX (Apertura),Necaxa,Monterrey,2026-07-26 23:00:00,,,,False,https://footballpredictions.net/fr/monterrey-v-necaxa-pronostics-conseils-paris,2026-07-26T18:00:39.268536+00:00
today,Argentine: Primera B Nacional,San Miguel,Atlético Acassuso,2026-07-26 18:30:00,,,,False,https://footballpredictions.net/fr/atletico-acassuso-v-san-miguel-pronostics-conseils-paris,2026-07-26T18:00:39.269440+00:00
today,Argentine: Primera B Nacional,Colón,Chaco For Ever,2026-07-26 18:30:00,,,,False,https://footballpredictions.net/fr/chaco-for-ever-v-colon-pronostics-conseils-paris,2026-07-26T18:00:39.270181+00:00
today,Argentine: Primera B Nacional,Racing Córdoba,San Telmo,2026-07-26 19:00:00,,,,False,https://footballpredictions.net/fr/racing-cordoba-v-san-telmo-pronostics-conseils-paris,2026-07-26T18:00:39.270940+00:00
today,Argentine: Primera B Nacional,Ferrocarril Midland,Patronato,2026-07-26 19:00:00,,,,False,https://footballpredictions.net/fr/ferrocarril-midland-v-patronato-pronostics-conseils-paris,2026-07-26T18:00:39.271742+00:00
today,Argentine: Primera B Nacional,Gimnasia de Jujuy,Atletico Güemes,2026-07-26 19:00:00,,,,False,https://footballpredictions.net/fr/atletico-guemes-v-gimnasia-de-jujuy-pronostics-conseils-paris,2026-07-26T18:00:39.272480+00:00
today,Argentine: Primera B Nacional,Mitre,Almirante Brown,2026-07-26 19:00:00,,,,False,https://footballpredictions.net/fr/almirante-brown-v-mitre-pronostics-conseils-paris,2026-07-26T18:00:39.273223+00:00
today,Argentine: Primera B Nacional,Godoy Cruz,Central Norte,2026-07-26 19:30:00,,,,False,https://footballpredictions.net/fr/central-norte-v-godoy-cruz-pronostics-conseils-paris,2026-07-26T18:00:39.274010+00:00
today,Argentine: Primera B Nacional,Gimnasia y Tiro,Maipu,2026-07-26 21:00:00,,,,False,https://footballpredictions.net/fr/deportivo-maipu-v-gimnasia-y-tiro-pronostics-conseils-paris,2026-07-26T18:00:39.274780+00:00
today,Argentine: Primera B Nacional,Quilmes,Colegiales Munro,2026-07-26 22:00:00,,,,False,https://footballpredictions.net/fr/colegiales-v-quilmes-pronostics-conseils-paris,2026-07-26T18:00:39.275618+00:00
today,Argentine: Torneo Clausura,Estudiantes de La Plata,Independiente,2026-07-26 20:15:00,,,,False,https://footballpredictions.net/fr/estudiantes-de-la-plata-v-independiente-pronostics-conseils-paris,2026-07-26T18:00:39.276412+00:00
today,Argentine: Torneo Clausura,Deportivo Riestra,Boca Juniors,2026-07-26 22:30:00,,,,False,https://footballpredictions.net/fr/boca-juniors-v-deportivo-riestra-pronostics-conseils-paris,2026-07-26T18:00:39.277134+00:00
today,Brésil: Serie A,Bahia,Corinthians,2026-07-26 19:00:00,,,,False,https://footballpredictions.net/fr/bahia-v-corinthians-pronostics-conseils-paris,2026-07-26T18:00:39.277906+00:00
today,Brésil: Serie A,Cruzeiro,Botafogo,2026-07-26 19:00:00,,,,False,https://footballpredictions.net/fr/botafogo-v-cruzeiro-pronostics-conseils-paris,2026-07-26T18:00:39.278640+00:00
today,Brésil: Serie A,Red Bull Bragantino,Coritiba,2026-07-26 21:30:00,,,,False,https://footballpredictions.net/fr/coritiba-v-red-bull-bragantino-pronostics-conseils-paris,2026-07-26T18:00:39.279428+00:00
today,Brésil: Serie A,Flamengo,São Paulo,2026-07-26 21:30:00,,,,False,https://footballpredictions.net/fr/flamengo-v-sao-paulo-pronostics-conseils-paris,2026-07-26T18:00:39.280149+00:00
today,Brésil: Serie A,Grêmio,Fluminense,2026-07-26 21:30:00,,,,False,https://footballpredictions.net/fr/fluminense-v-gremio-pronostics-conseils-paris,2026-07-26T18:00:39.280894+00:00
today,Brésil: Serie A,Palmeiras,Atlético Mineiro,2026-07-26 22:30:00,,,,False,https://footballpredictions.net/fr/atletico-mineiro-v-palmeiras-pronostics-conseils-paris,2026-07-26T18:00:39.281814+00:00
today,Brésil: Serie A,Remo,Vitoria,2026-07-26 22:30:00,,,,False,https://footballpredictions.net/fr/remo-v-vitoria-pronostics-conseils-paris,2026-07-26T18:00:39.282567+00:00
today,Brésil: Serie B,Criciuma,Náutico,2026-07-26 19:00:00,,,,False,https://footballpredictions.net/fr/criciuma-v-nautico-pronostics-conseils-paris,2026-07-26T18:00:39.283381+00:00
today,Brésil: Serie B,São Bernardo,Ceará,2026-07-26 19:00:00,,,,False,https://footballpredictions.net/fr/ceara-v-sao-bernardo-pronostics-conseils-paris,2026-07-26T18:00:39.284145+00:00
today,Brésil: Serie B,América Mineiro,Goias,2026-07-26 21:30:00,,,,False,https://footballpredictions.net/fr/america-mineiro-v-goias-pronostics-conseils-paris,2026-07-26T18:00:39.284898+00:00
today,Brésil: Serie B,Londrina,Grêmio Novorizontino,2026-07-26 21:30:00,,,,False,https://footballpredictions.net/fr/gremio-novorizontino-v-londrina-pronostics-conseils-paris,2026-07-26T18:00:39.285693+00:00
today,Bulgarie: Première ligue,Lokomotiv Plovdiv,Septemvri Sofia,2026-07-26 18:15:00,,,,False,https://footballpredictions.net/fr/lokomotiv-plovdiv-v-septemvri-sofia-pronostics-conseils-paris,2026-07-26T18:00:39.286456+00:00
today,Chili: Campeonato Nacional,Ñublense,Palestino,2026-07-26 19:00:00,,,,False,https://footballpredictions.net/fr/palestino-v-nublense-pronostics-conseils-paris,2026-07-26T18:00:39.287225+00:00
today,Chili: Campeonato Nacional,Audax Italiano,Universidad de Chile,2026-07-26 21:30:00,,,,False,https://footballpredictions.net/fr/audax-italiano-v-universidad-de-chile-pronostics-conseils-paris,2026-07-26T18:00:39.287987+00:00
today,Islande: Úrvalsdeild,Fram,FH,2026-07-26 19:15:00,,,,False,https://footballpredictions.net/fr/fh-v-fram-pronostics-conseils-paris,2026-07-26T18:00:39.288717+00:00
today,Islande: Úrvalsdeild,ÍA,Stjarnan,2026-07-26 19:15:00,,,,False,https://footballpredictions.net/fr/stjarnan-v-ia-pronostics-conseils-paris,2026-07-26T18:00:39.289456+00:00
today,Pologne: Ekstraklasa,Wisła Kraków,GKS Katowice,2026-07-26 18:15:00,,,,False,https://footballpredictions.net/fr/gks-katowice-v-wisla-krakow-pronostics-conseils-paris,2026-07-26T18:00:39.290221+00:00
today,Serbie: SuperLiga,Mladost Lučani,Novi Pazar,2026-07-26 18:30:00,,,,False,https://footballpredictions.net/fr/mladost-lucani-v-novi-pazar-pronostics-conseils-paris,2026-07-26T18:00:39.290986+00:00
today,Serbie: SuperLiga,Mačva Šabac,Partizan Belgrade,2026-07-26 19:00:00,,,,False,https://footballpredictions.net/fr/macva-v-partizan-pronostics-conseils-paris,2026-07-26T18:00:39.291849+00:00
today,Slovénie: PrvaLiga,Koper,Radomlje,2026-07-26 18:15:00,,,,False,https://footballpredictions.net/fr/kalcer-radomlje-v-koper-pronostics-conseils-paris,2026-07-26T18:00:39.292612+00:00
today,Uruguay: Tour intermédiaire,Peñarol,Cerro Largo,2026-07-26 21:30:00,,,,False,https://footballpredictions.net/fr/cerro-largo-v-penarol-pronostics-conseils-paris,2026-07-26T18:00:39.293403+00:00
today,Mexique: Liga MX (Apertura),CD Guadalajara,FC Juárez,2026-07-25 23:07:00,1,0,victoire de CD Guadalajara,True,https://footballpredictions.net/fr/fc-juarez-v-guadalajara-pronostics-conseils-paris,2026-07-26T18:00:39.294315+00:00
today,Mexique: Liga MX (Apertura),Tigres,Atlético San Luis,2026-07-26 03:00:00,2,2,victoire de Tigres,False,https://footballpredictions.net/fr/atletico-san-luis-v-tigres-uanl-pronostics-conseils-paris,2026-07-26T18:00:39.295128+00:00
today,Mexique: Liga MX (Apertura),Santos Laguna,Atlas,2026-07-26 03:00:00,0,1,Nul,False,https://footballpredictions.net/fr/atlas-v-santos-laguna-pronostics-conseils-paris,2026-07-26T18:00:39.296071+00:00
today,Etats-Unis: MLS,Columbus Crew,FC Cincinatti,2026-07-25 23:15:00,2,1,victoire de Columbus Crew,True,https://footballpredictions.net/fr/columbus-crew-v-fc-cincinnati-pronostics-conseils-paris,2026-07-26T18:00:39.296988+00:00
today,Etats-Unis: MLS,Philadelphia Union,Seattle Sounders FC,2026-07-25 23:30:00,1,0,victoire de Philadelphia Union,True,https://footballpredictions.net/fr/philadelphia-union-v-seattle-sounders-pronostics-conseils-paris,2026-07-26T18:00:39.297849+00:00
today,Etats-Unis: MLS,Orlando City,Nashville,2026-07-25 23:30:00,1,0,victoire de Nashville,False,https://footballpredictions.net/fr/nashville-v-orlando-city-pronostics-conseils-paris,2026-07-26T18:00:39.298710+00:00
today,Etats-Unis: MLS,New York City FC,Chicago Fire,2026-07-25 23:30:00,3,1,Nul,False,https://footballpredictions.net/fr/chicago-fire-v-new-york-city-fc-pronostics-conseils-paris,2026-07-26T18:00:39.299595+00:00
today,Etats-Unis: MLS,New Eng. Revolution,Atlanta United,2026-07-25 23:30:00,4,1,victoire de New Eng. Revolution,True,https://footballpredictions.net/fr/atlanta-united-v-new-england-revolution-pronostics-conseils-paris,2026-07-26T18:00:39.300433+00:00
today,Etats-Unis: MLS,D.C. United,Toronto FC,2026-07-25 23:30:00,2,1,victoire de D.C. United,True,https://footballpredictions.net/fr/dc-united-v-toronto-fc-pronostics-conseils-paris,2026-07-26T18:00:39.301248+00:00
today,Etats-Unis: MLS,CF Montreal,Inter Miami,2026-07-25 23:30:00,0,1,victoire de Inter Miami,True,https://footballpredictions.net/fr/cf-montreal-v-inter-miami-pronostics-conseils-paris,2026-07-26T18:00:39.302079+00:00
today,Etats-Unis: MLS,St. Louis City,Colorado Rapids,2026-07-26 00:30:00,1,0,victoire de St. Louis City,True,https://footballpredictions.net/fr/colorado-rapids-v-st-louis-city-pronostics-conseils-paris,2026-07-26T18:00:39.302943+00:00
today,Etats-Unis: MLS,Minnesota United,Vancouver Whitecaps,2026-07-26 00:30:00,0,0,victoire de Vancouver Whitecaps,False,https://footballpredictions.net/fr/minnesota-united-v-vancouver-whitecaps-pronostics-conseils-paris,2026-07-26T18:00:39.303894+00:00
today,Etats-Unis: MLS,Houston Dynamo,Austin FC,2026-07-26 00:30:00,3,0,victoire de Houston Dynamo,True,https://footballpredictions.net/fr/austin-fc-v-houston-dynamo-pronostics-conseils-paris,2026-07-26T18:00:39.304757+00:00
today,Etats-Unis: MLS,San Diego FC,FC Dallas,2026-07-26 01:30:00,1,0,victoire de San Diego FC,True,https://footballpredictions.net/fr/fc-dallas-v-san-diego-fc-pronostics-conseils-paris,2026-07-26T18:00:39.305609+00:00
today,Etats-Unis: MLS,Portland Timbers,Real Salt Lake,2026-07-26 02:30:00,2,1,Nul,False,https://footballpredictions.net/fr/portland-timbers-v-real-salt-lake-pronostics-conseils-paris,2026-07-26T18:00:39.306448+00:00
today,Etats-Unis: MLS,San Jose Earthquakes,Los Angeles Galaxy,2026-07-26 02:30:00,1,1,victoire de San Jose Earthquakes,False,https://footballpredictions.net/fr/la-galaxy-v-san-jose-earthquakes-pronostics-conseils-paris,2026-07-26T18:00:39.307282+00:00
today,Etats-Unis: MLS,Los Angeles FC,Sporting Kansas City,2026-07-26 02:30:00,4,0,victoire de Los Angeles FC,True,https://footballpredictions.net/fr/los-angeles-fc-v-sporting-kansas-city-pronostics-conseils-paris,2026-07-26T18:00:39.308094+00:00
today,Argentine: Primera B Nacional,Los Andes,Deportivo Madryn,2026-07-26 18:00:00,,,,False,https://footballpredictions.net/fr/deportivo-madryn-v-los-andes-pronostics-conseils-paris,2026-07-26T18:00:39.308814+00:00
today,Argentine: Primera B Nacional,Deportivo Moron,Ferro Carril Oeste,2026-07-26 18:00:00,,,,False,https://footballpredictions.net/fr/deportivo-moron-v-ferro-carril-oeste-pronostics-conseils-paris,2026-07-26T18:00:39.309527+00:00
today,Argentine: Primera B Nacional,All Boys,Defensores de Belgrano,2026-07-26 18:00:00,,,,False,https://footballpredictions.net/fr/all-boys-v-defensores-de-belgrano-pronostics-conseils-paris,2026-07-26T18:00:39.310185+00:00
today,Argentine: Primera B Nacional,Agropecuario,San Martín,2026-07-26 18:00:00,,,,False,https://footballpredictions.net/fr/agropecuario-v-san-martin-pronostics-conseils-paris,2026-07-26T18:00:39.310889+00:00
today,Argentine: Torneo Clausura,Lanús,San Lorenzo,2026-07-26 00:30:00,1,0,victoire de Lanús,True,https://footballpredictions.net/fr/lanus-v-san-lorenzo-pronostics-conseils-paris,2026-07-26T18:00:39.311748+00:00
today,Argentine: Torneo Clausura,Atlético Tucumán,Independiente Rivadavia,2026-07-26 18:00:00,,,,False,https://footballpredictions.net/fr/atletico-tucuman-v-independiente-rivadavia-pronostics-conseils-paris,2026-07-26T18:00:39.312447+00:00
today,L'Autriche: ÖFB Cup,Imst,TSV Hartberg,2026-07-26 15:00:00,1,3,victoire de TSV Hartberg,True,https://footballpredictions.net/fr/imst-v-tsv-hartberg-pronostics-conseils-paris,2026-07-26T18:00:39.313199+00:00
today,L'Autriche: ÖFB Cup,Schwaz,Wallern/St. Mariekirchen,2026-07-26 15:00:00,2,3,Nul,False,https://footballpredictions.net/fr/schwaz-v-wallernst-mariekirchen-pronostics-conseils-paris,2026-07-26T18:00:39.313969+00:00
today,L'Autriche: ÖFB Cup,Wiener SportKlub AXA,Austria Vienne,2026-07-26 16:00:00,0,5,victoire de Austria Vienne,True,https://footballpredictions.net/fr/austria-vienna-v-wiener-sc-pronostics-conseils-paris,2026-07-26T18:00:39.314752+00:00
today,L'Autriche: ÖFB Cup,Leithaprodersdorf,FC Trenkwalder Admira,2026-07-26 16:00:00,2,1,victoire de FC Trenkwalder Admira,False,https://footballpredictions.net/fr/admira-wacker-v-leithaprodersdorf-pronostics-conseils-paris,2026-07-26T18:00:39.315557+00:00
today,Brésil: Serie A,Vasco da Gama,Mirassol,2026-07-25 23:30:00,1,1,victoire de Vasco da Gama,False,https://footballpredictions.net/fr/mirassol-v-vasco-da-gama-pronostics-conseils-paris,2026-07-26T18:00:39.316367+00:00
today,Bulgarie: Première ligue,Cherno More Varna,Spartak Varna,2026-07-26 16:00:00,0,3,victoire de Cherno More Varna,False,https://footballpredictions.net/fr/cherno-more-varna-v-spartak-varna-pronostics-conseils-paris,2026-07-26T18:00:39.317126+00:00
today,Chili: Campeonato Nacional,Universidad Católica,Deportes La Serena,2026-07-26 00:00:00,3,3,victoire de Universidad Católica,False,https://footballpredictions.net/fr/deportes-la-serena-v-universidad-catolica-pronostics-conseils-paris,2026-07-26T18:00:39.317912+00:00
today,Chine: Super League,Yunnan Yukun,Sichuan Jiuniu,2026-07-26 11:00:00,4,3,victoire de Yunnan Yukun,True,https://footballpredictions.net/fr/shenzhen-peng-city-v-yunnan-yukun-pronostics-conseils-paris,2026-07-26T18:00:39.318702+00:00
today,Chine: Super League,Chengdu Rongcheng,Beijing Sinobo Guoan,2026-07-26 11:35:00,2,2,victoire de Chengdu Rongcheng,False,https://footballpredictions.net/fr/beijing-guoan-v-chengdu-rongcheng-pronostics-conseils-paris,2026-07-26T18:00:39.319516+00:00
today,Chine: Super League,Shandong Luneng,Henan Jianye,2026-07-26 11:35:00,1,2,victoire de Shandong Luneng,False,https://footballpredictions.net/fr/henan-v-shandong-taishan-pronostics-conseils-paris,2026-07-26T18:00:39.320255+00:00
today,Chine: Super League,Zhejiang Professional,Dalian Yingbo,2026-07-26 12:00:00,3,2,victoire de Zhejiang Professional,True,https://footballpredictions.net/fr/dalian-yingbo-v-zhejiang-professional-pronostics-conseils-paris,2026-07-26T18:00:39.321024+00:00
today,Tchéquie: Première ligue,Slavia Prague,FC Slovácko,2026-07-26 13:00:00,5,1,victoire de Slavia Prague,True,https://footballpredictions.net/fr/slavia-prague-v-slovacko-pronostics-conseils-paris,2026-07-26T18:00:39.321814+00:00
today,Tchéquie: Première ligue,Baumit Jablonec,Sigma Olomouc,2026-07-26 15:30:00,2,1,victoire de Baumit Jablonec,True,https://footballpredictions.net/fr/jablonec-v-sigma-olomouc-pronostics-conseils-paris,2026-07-26T18:00:39.322580+00:00
today,Tchéquie: Première ligue,Hradec Králové,Pardubice,2026-07-26 18:00:00,,,,False,https://footballpredictions.net/fr/hradec-kralove-v-pardubice-pronostics-conseils-paris,2026-07-26T18:00:39.323367+00:00
today,Danemark: 1. division,Hobro IK,Aarhus Fremad,2026-07-26 12:00:00,1,2,Nul,False,https://footballpredictions.net/fr/aarhus-fremad-v-hobro-ik-pronostics-conseils-paris,2026-07-26T18:00:39.324138+00:00
today,Danemark: Superliga,SønderjyskE,FC Midtjylland,2026-07-26 12:00:00,2,3,victoire de FC Midtjylland,True,https://footballpredictions.net/fr/fc-midtjylland-v-sonderjyske-pronostics-conseils-paris,2026-07-26T18:00:39.324914+00:00
today,Danemark: Superliga,FC Copenhague,Lyngby BK,2026-07-26 14:00:00,3,2,victoire de FC Copenhague,True,https://footballpredictions.net/fr/fc-copenhagen-v-lyngby-pronostics-conseils-paris,2026-07-26T18:00:39.325771+00:00
today,Danemark: Superliga,AC Horsens,FC Nordsjælland,2026-07-26 16:00:00,1,1,victoire de FC Nordsjælland,False,https://footballpredictions.net/fr/ac-horsens-v-fc-nordsjaelland-pronostics-conseils-paris,2026-07-26T18:00:39.326540+00:00
today,Finlande: Veikkausliiga,Ilves,FC Lahti,2026-07-26 12:00:00,1,0,victoire de Ilves,True,https://footballpredictions.net/fr/ilves-v-lahti-pronostics-conseils-paris,2026-07-26T18:00:39.327400+00:00
today,Finlande: Veikkausliiga,FC Inter Turku,IF Gnistan,2026-07-26 12:00:00,1,2,victoire de FC Inter Turku,False,https://footballpredictions.net/fr/if-gnistan-v-inter-turku-pronostics-conseils-paris,2026-07-26T18:00:39.328164+00:00
today,Finlande: Veikkausliiga,HJK,TPS Turku,2026-07-26 14:00:00,1,0,victoire de HJK,True,https://footballpredictions.net/fr/hjk-v-tps-pronostics-conseils-paris,2026-07-26T18:00:39.328933+00:00
today,Hongrie: Nemzeti Bajnokság I,Vasas SC,Győri ETO FC,2026-07-26 13:45:00,2,2,victoire de Győri ETO FC,False,https://footballpredictions.net/fr/eto-gyori-v-vasas-pronostics-conseils-paris,2026-07-26T18:00:39.329706+00:00
today,Hongrie: Nemzeti Bajnokság I,Debreceni VSC,Puskás Akadémia,2026-07-26 16:00:00,0,2,victoire de Debreceni VSC,False,https://footballpredictions.net/fr/debreceni-v-puskas-akademia-pronostics-conseils-paris,2026-07-26T18:00:39.330463+00:00
today,Hongrie: Nemzeti Bajnokság I,Paksi SE,Ferencvárosi TC,2026-07-26 18:00:00,,,,False,https://footballpredictions.net/fr/ferencvaros-v-paksi-pronostics-conseils-paris,2026-07-26T18:00:39.331144+00:00
today,Kazakhstan: première ligue,Tobol,Atyrau,2026-07-26 12:00:00,1,0,victoire de Tobol,True,https://footballpredictions.net/fr/atyrau-v-tobol-pronostics-conseils-paris,2026-07-26T18:00:39.331980+00:00
today,Kazakhstan: première ligue,Astana,Altai,2026-07-26 14:00:00,4,1,victoire de Astana,True,https://footballpredictions.net/fr/altai-v-astana-pronostics-conseils-paris,2026-07-26T18:00:39.332755+00:00
today,Kazakhstan: première ligue,Kairat,Ordabasy,2026-07-26 14:00:00,2,1,Nul,False,https://footballpredictions.net/fr/kairat-v-ordabasy-pronostics-conseils-paris,2026-07-26T18:00:39.333515+00:00
today,Kazakhstan: première ligue,Yelimay,Kaisar,2026-07-26 14:00:00,1,1,victoire de Yelimay,False,https://footballpredictions.net/fr/elimai-v-kaisar-pronostics-conseils-paris,2026-07-26T18:00:39.334298+00:00
today,République de la Corée: K League 1,FC Anyang,Gangwon FC,2026-07-26 10:30:00,2,1,victoire de Gangwon FC,False,https://footballpredictions.net/fr/fc-anyang-v-gangwon-fc-pronostics-conseils-paris,2026-07-26T18:00:39.335053+00:00
today,République de la Corée: K League 1,Gwangju FC,Jeju United,2026-07-26 10:30:00,1,2,victoire de Jeju United,True,https://footballpredictions.net/fr/gwangju-fc-v-jeju-sk-pronostics-conseils-paris,2026-07-26T18:00:39.335897+00:00
today,République de la Corée: K League 1,Incheon United,Bucheon FC,2026-07-26 10:30:00,1,1,victoire de Incheon United,False,https://footballpredictions.net/fr/bucheon-fc-v-incheon-united-pronostics-conseils-paris,2026-07-26T18:00:39.336655+00:00
today,République de la Corée: K League 1,FC Seoul,Ulsan Hyundai,2026-07-26 10:30:00,1,3,victoire de FC Seoul,False,https://footballpredictions.net/fr/seoul-v-ulsan-hd-pronostics-conseils-paris,2026-07-26T18:00:39.337399+00:00
today,Norvège: Eliteserien,SK Brann,Vålerenga,2026-07-26 12:30:00,2,3,victoire de SK Brann,False,https://footballpredictions.net/fr/brann-v-valerenga-pronostics-conseils-paris,2026-07-26T18:00:39.338201+00:00
today,Norvège: Eliteserien,KFUM Oslo,Molde FK,2026-07-26 15:00:00,2,4,victoire de Molde FK,True,https://footballpredictions.net/fr/kfum-kameratene-v-molde-pronostics-conseils-paris,2026-07-26T18:00:39.338973+00:00
today,Norvège: Eliteserien,Sandefjord,Bodo Glimt,2026-07-26 15:00:00,0,3,victoire de Bodo Glimt,True,https://footballpredictions.net/fr/bodo-glimt-v-sandefjord-pronostics-conseils-paris,2026-07-26T18:00:39.339800+00:00
today,Norvège: Eliteserien,Sarpsborg 08,Hamarkameratene,2026-07-26 15:00:00,1,0,victoire de Sarpsborg 08,True,https://footballpredictions.net/fr/hamarkameratene-v-sarpsborg-08-pronostics-conseils-paris,2026-07-26T18:00:39.340568+00:00
today,Norvège: Eliteserien,Aalesunds FK,Viking FK,2026-07-26 17:15:00,,,,False,https://footballpredictions.net/fr/aalesunds-v-viking-pronostics-conseils-paris,2026-07-26T18:00:39.341229+00:00
today,Norvège: OBOS-ligaen,Åsane,Egersund,2026-07-26 15:00:00,3,3,victoire de Egersund,False,https://footballpredictions.net/fr/asane-v-egersund-pronostics-conseils-paris,2026-07-26T18:00:39.341985+00:00
today,Norvège: OBOS-ligaen,Moss,Raufoss,2026-07-26 15:00:00,1,2,victoire de Moss,False,https://footballpredictions.net/fr/moss-v-raufoss-pronostics-conseils-paris,2026-07-26T18:00:39.342741+00:00
today,Norvège: OBOS-ligaen,Sandnes Ulf,Kongsvinger IL,2026-07-26 15:00:00,1,6,victoire de Kongsvinger IL,True,https://footballpredictions.net/fr/kongsvinger-v-sandnes-ulf-pronostics-conseils-paris,2026-07-26T18:00:39.343537+00:00
today,Norvège: OBOS-ligaen,Sogndal,Ranheim,2026-07-26 15:00:00,3,2,Nul,False,https://footballpredictions.net/fr/ranheim-v-sogndal-pronostics-conseils-paris,2026-07-26T18:00:39.344338+00:00
today,Norvège: OBOS-ligaen,Strømmen,ODD Grenland,2026-07-26 15:00:00,0,0,victoire de ODD Grenland,False,https://footballpredictions.net/fr/odds-ballklubb-v-strommen-pronostics-conseils-paris,2026-07-26T18:00:39.345078+00:00
today,Pologne: Ekstraklasa,Raków Częstochowa,Wisla Plock,2026-07-26 12:45:00,1,2,victoire de Raków Częstochowa,False,https://footballpredictions.net/fr/rakow-czestochowa-v-wisla-plock-pronostics-conseils-paris,2026-07-26T18:00:39.345897+00:00
today,Pologne: Ekstraklasa,Widzew Łódź,Motor Lublin,2026-07-26 15:30:00,2,2,victoire de Widzew Łódź,False,https://footballpredictions.net/fr/motor-lublin-v-widzew-lodz-pronostics-conseils-paris,2026-07-26T18:00:39.346680+00:00
today,Roumanie: Liga I,Sepsi Sfântu Gheorghe,Universitatea Cluj,2026-07-26 14:30:00,1,0,Nul,False,https://footballpredictions.net/fr/sepsi-osk-v-universitatea-cluj-pronostics-conseils-paris,2026-07-26T18:00:39.347494+00:00
today,Roumanie: Liga I,Miercurea Ciuc,Steaua Bucarest,2026-07-26 17:30:00,,,,False,https://footballpredictions.net/fr/csikszereda-miercurea-ciuc-v-fcsb-pronostics-conseils-paris,2026-07-26T18:00:39.348207+00:00
today,Russie: première ligue,Orenburg,FC Rostov,2026-07-26 11:30:00,,,,False,https://footballpredictions.net/fr/orenburg-v-rostov-pronostics-conseils-paris,2026-07-26T18:00:39.348922+00:00
today,Russie: première ligue,Lokomotiv Moscou,Terek Grozny,2026-07-26 14:00:00,1,1,victoire de Lokomotiv Moscou,False,https://footballpredictions.net/fr/akhmat-grozny-v-lokomotiv-moscow-pronostics-conseils-paris,2026-07-26T18:00:39.349701+00:00
today,Russie: première ligue,Rubin Kazan,FC Krasnodar,2026-07-26 16:30:00,,,,False,https://footballpredictions.net/fr/krasnodar-v-rubin-kazan-pronostics-conseils-paris,2026-07-26T18:00:39.350404+00:00
today,Écosse: Coupe de la Ligue,St Mirren,Dunfermline Athletic,2026-07-26 14:00:00,0,1,victoire de St Mirren,False,https://footballpredictions.net/fr/dunfermline-athletic-v-st-mirren-pronostics-conseils-paris,2026-07-26T18:00:39.351172+00:00
today,Serbie: SuperLiga,Etoile Rouge Belgrade,Vojvodina,2026-07-26 17:00:00,,,,False,https://footballpredictions.net/fr/red-star-v-vojvodina-pronostics-conseils-paris,2026-07-26T18:00:39.351896+00:00
today,Slovaquie: Super Liga,MFK Ružomberok,DAC 1904 Dunajská Streda,2026-07-26 15:00:00,1,1,victoire de DAC 1904 Dunajská Streda,False,https://footballpredictions.net/fr/dac-dunajska-streda-v-mfk-ruzomberok-pronostics-conseils-paris,2026-07-26T18:00:39.352669+00:00
today,Slovaquie: Super Liga,MŠK Žilina,Košice,2026-07-26 15:00:00,4,4,victoire de MŠK Žilina,False,https://footballpredictions.net/fr/kosice-v-msk-zilina-pronostics-conseils-paris,2026-07-26T18:00:39.353504+00:00
today,Slovaquie: Super Liga,Dukla Banská Bystrica,Slovan Bratislava,2026-07-26 17:00:00,,,,False,https://footballpredictions.net/fr/dukla-banska-bystrica-v-slovan-bratislava-pronostics-conseils-paris,2026-07-26T18:00:39.354477+00:00
today,Slovénie: PrvaLiga,Bravo,Nafta Lendava,2026-07-26 16:00:00,0,3,victoire de Bravo,False,https://footballpredictions.net/fr/bravo-v-nafta-1903-pronostics-conseils-paris,2026-07-26T18:00:39.355595+00:00
hier,Mexique: Liga MX (Apertura),Atlante,Club América,2026-07-25 03:00:00,1,1,victoire de Club América,False,https://footballpredictions.net/fr/america-v-atlante-pronostics-conseils-paris,2026-07-26T18:00:41.906474+00:00
hier,Mexique: Liga MX (Apertura),Club Tijuana,León,2026-07-25 03:00:00,1,0,victoire de Club Tijuana,True,https://footballpredictions.net/fr/leon-v-tijuana-pronostics-conseils-paris,2026-07-26T18:00:41.907404+00:00
hier,Etats-Unis: MLS,New York Red Bulls,Charlotte FC,2026-07-25 22:30:00,0,2,victoire de New York Red Bulls,False,https://footballpredictions.net/fr/charlotte-fc-v-new-york-red-bulls-pronostics-conseils-paris,2026-07-26T18:00:41.908136+00:00
hier,Women's Champ. League Qual.,ŽFK Budućnost Podgorica,Hapoel Katamon Jerusalem,2026-07-25 08:00:00,0,1,victoire de Hapoel Katamon Jerusalem,True,https://footballpredictions.net/fr/hapoel-katamon-jerusalem-v-zfk-buducnost-podgorica-pronostics-conseils-paris,2026-07-26T18:00:41.908943+00:00
hier,Women's Champ. League Qual.,Glentoran Féminines,FC Pyunik,2026-07-25 11:00:00,4,2,victoire de Glentoran Féminines,True,https://footballpredictions.net/fr/fc-pyunik-v-glentoran-wfc-pronostics-conseils-paris,2026-07-26T18:00:41.909726+00:00
hier,Women's Champ. League Qual.,PAOK Thessaloniki,Neftçi Peşəkar,2026-07-25 15:30:00,3,0,victoire de PAOK Thessaloniki,True,https://footballpredictions.net/fr/neftci-pesekar-v-paok-thessaloniki-pronostics-conseils-paris,2026-07-26T18:00:41.910588+00:00
hier,Women's Champ. League Qual.,Spartak Myjava Féminines,Mġarr United,2026-07-25 17:00:00,6,1,victoire de Spartak Myjava Féminines,True,https://footballpredictions.net/fr/mgarr-united-v-spartak-myjava-zeny-pronostics-conseils-paris,2026-07-26T18:00:41.911456+00:00
hier,Women's Champ. League Qual.,KFF Mitrovica Féminines,WFC Ludogorets,2026-07-25 18:00:00,2,0,victoire de KFF Mitrovica Féminines,True,https://footballpredictions.net/fr/kff-mitrovica-v-wfc-ludogorets-pronostics-conseils-paris,2026-07-26T18:00:41.912257+00:00
hier,Argentine: Primera B Nacional,Tristan Suarez,Chacarita Juniors,2026-07-25 18:00:00,1,0,victoire de Tristan Suarez,True,https://footballpredictions.net/fr/chacarita-juniors-v-tristan-suarez-pronostics-conseils-paris,2026-07-26T18:00:41.913043+00:00
hier,Argentine: Primera B Nacional,Estudiantes Buenos Aires,Ciudad Bolivar,2026-07-25 18:00:00,1,2,victoire de Estudiantes Buenos Aires,False,https://footballpredictions.net/fr/ciudad-bolivar-v-estudiantes-caseros-pronostics-conseils-paris,2026-07-26T18:00:41.913797+00:00
hier,Argentine: Primera B Nacional,Atlético de Rafaela,Nueva Chicago,2026-07-25 19:00:00,1,0,victoire de Atlético de Rafaela,True,https://footballpredictions.net/fr/atletico-de-rafaela-v-nueva-chicago-pronostics-conseils-paris,2026-07-26T18:00:41.914603+00:00
hier,Argentine: Primera B Nacional,San Martín de Tucumán,Temperley,2026-07-25 22:00:00,1,2,victoire de San Martín de Tucumán,False,https://footballpredictions.net/fr/san-martin-de-tucuman-v-temperley-pronostics-conseils-paris,2026-07-26T18:00:41.915397+00:00
hier,Argentine: Torneo Clausura,Platense,Unión de Santa Fe,2026-07-25 00:15:00,2,2,Nul,True,https://footballpredictions.net/fr/platense-v-union-santa-fe-pronostics-conseils-paris,2026-07-26T18:00:41.916167+00:00
hier,Argentine: Torneo Clausura,Huracán,Banfield,2026-07-25 00:15:00,1,0,victoire de Huracán,True,https://footballpredictions.net/fr/banfield-v-huracan-pronostics-conseils-paris,2026-07-26T18:00:41.916971+00:00
hier,Argentine: Torneo Clausura,Estudiantes Rio Cuarto,Tigre,2026-07-25 17:45:00,1,0,victoire de Tigre,False,https://footballpredictions.net/fr/estudiantes-rio-cuarto-v-tigre-pronostics-conseils-paris,2026-07-26T18:00:41.917734+00:00
hier,Argentine: Torneo Clausura,Newell´s Old Boys,Talleres,2026-07-25 20:00:00,1,0,Nul,False,https://footballpredictions.net/fr/newells-old-boys-v-talleres-pronostics-conseils-paris,2026-07-26T18:00:41.918485+00:00
hier,Argentine: Torneo Clausura,River Plate,Barracas Central,2026-07-25 22:15:00,0,1,victoire de River Plate,False,https://footballpredictions.net/fr/barracas-central-v-river-plate-pronostics-conseils-paris,2026-07-26T18:00:41.919243+00:00
hier,L'Autriche: ÖFB Cup,Wals-Grünau,Austria Salzburg,2026-07-25 13:30:00,1,5,victoire de Austria Salzburg,True,https://footballpredictions.net/fr/austria-salzburg-v-wals-grunau-pronostics-conseils-paris,2026-07-26T18:00:41.920016+00:00
hier,L'Autriche: ÖFB Cup,FC Lustenau 1907,Kitzbühel,2026-07-25 15:00:00,1,4,Nul,False,https://footballpredictions.net/fr/fc-lustenau-1907-v-kitzbuhel-pronostics-conseils-paris,2026-07-26T18:00:41.920782+00:00
hier,L'Autriche: ÖFB Cup,Donaufeld,Grazer AK,2026-07-25 15:00:00,0,4,victoire de Grazer AK,True,https://footballpredictions.net/fr/donaufeld-v-grazer-ak-pronostics-conseils-paris,2026-07-26T18:00:41.921584+00:00
hier,L'Autriche: ÖFB Cup,Wiener Viktoria,SC/ESV Parndorf,2026-07-25 16:00:00,1,3,victoire de SC/ESV Parndorf,True,https://footballpredictions.net/fr/scesv-parndorf-v-wiener-viktoria-pronostics-conseils-paris,2026-07-26T18:00:41.922416+00:00
hier,L'Autriche: ÖFB Cup,SV Oberwart,Red Bull Salzbourg,2026-07-25 16:00:00,1,7,victoire de Red Bull Salzbourg,True,https://footballpredictions.net/fr/red-bull-salzburg-v-sv-oberwart-pronostics-conseils-paris,2026-07-26T18:00:41.923258+00:00
hier,L'Autriche: ÖFB Cup,Wacker Innsbruck,SVG Reichenau,2026-07-25 16:00:00,3,0,victoire de Wacker Innsbruck,True,https://footballpredictions.net/fr/fc-wacker-innsbruck-v-reichenau-pronostics-conseils-paris,2026-07-26T18:00:41.924091+00:00
hier,L'Autriche: ÖFB Cup,SC Karlsdorf,LASK Linz,2026-07-25 16:00:00,0,7,victoire de LASK Linz,True,https://footballpredictions.net/fr/lask-v-sc-karlsdorf-pronostics-conseils-paris,2026-07-26T18:00:41.924937+00:00
hier,L'Autriche: ÖFB Cup,Hohenems,Hertha Wels,2026-07-25 16:00:00,1,2,victoire de Hertha Wels,True,https://footballpredictions.net/fr/hertha-wels-v-hohenems-pronostics-conseils-paris,2026-07-26T18:00:41.925821+00:00
hier,L'Autriche: ÖFB Cup,Bad Leonfelden,Schwarz-WeiB Bregenz,2026-07-25 16:00:00,0,5,victoire de Schwarz-WeiB Bregenz,True,https://footballpredictions.net/fr/bad-leonfelden-v-schwarz-weiss-bregenz-pronostics-conseils-paris,2026-07-26T18:00:41.926660+00:00
hier,L'Autriche: ÖFB Cup,Kremser SC,SC Austria Lustenau,2026-07-25 16:30:00,0,1,victoire de SC Austria Lustenau,True,https://footballpredictions.net/fr/austria-lustenau-v-kremser-sc-pronostics-conseils-paris,2026-07-26T18:00:41.927837+00:00
hier,L'Autriche: ÖFB Cup,Treibach,KSV 1919,2026-07-25 17:00:00,1,4,victoire de KSV 1919,True,https://footballpredictions.net/fr/ksv-1919-v-treibach-pronostics-conseils-paris,2026-07-26T18:00:41.928735+00:00
hier,L'Autriche: ÖFB Cup,Mattersburger SV 2020,First Vienna FC 1894,2026-07-25 17:00:00,1,2,victoire de First Vienna FC 1894,True,https://footballpredictions.net/fr/first-vienna-v-mattersburger-sv-2020-pronostics-conseils-paris,2026-07-26T18:00:41.929680+00:00
hier,Brésil: Serie A,Atletico PR,Internacional,2026-07-25 21:30:00,2,0,victoire de Atletico PR,True,https://footballpredictions.net/fr/athletico-paranaense-v-internacional-pronostics-conseils-paris,2026-07-26T18:00:41.930585+00:00
hier,Brésil: Serie A,Santos,Chapecoense,2026-07-25 21:30:00,2,2,victoire de Santos,False,https://footballpredictions.net/fr/chapecoense-v-santos-pronostics-conseils-paris,2026-07-26T18:00:41.931509+00:00
hier,Bulgarie: Première ligue,CSKA 1948,Botev Vratsa,2026-07-25 16:00:00,2,1,victoire de CSKA 1948,True,https://footballpredictions.net/fr/botev-vratsa-v-cska-1948-pronostics-conseils-paris,2026-07-26T18:00:41.932336+00:00
hier,Bulgarie: Première ligue,Lokomotiv Sofia,Levski Sofia,2026-07-25 18:15:00,1,2,victoire de Levski Sofia,True,https://footballpredictions.net/fr/levski-sofia-v-lokomotiv-sofia-pronostics-conseils-paris,2026-07-26T18:00:41.933186+00:00
hier,Chili: Campeonato Nacional,Colo-Colo,Deportes Limache,2026-07-25 00:30:00,3,1,victoire de Colo-Colo,True,https://footballpredictions.net/fr/colo-colo-v-deportes-limache-pronostics-conseils-paris,2026-07-26T18:00:41.934085+00:00
hier,Chili: Campeonato Nacional,Coquimbo Unido,CDU Concepción,2026-07-25 19:00:00,,,,False,https://footballpredictions.net/fr/coquimbo-unido-v-universidad-concepcion-pronostics-conseils-paris,2026-07-26T18:00:41.934849+00:00
hier,Chili: Campeonato Nacional,Huachipato,Cobresal,2026-07-25 21:30:00,3,3,victoire de Huachipato,False,https://footballpredictions.net/fr/cobresal-v-huachipato-pronostics-conseils-paris,2026-07-26T18:00:41.935741+00:00
hier,Chine: Super League,Qingdao Hainiu,Tianjin Jinmen Tiger,2026-07-25 09:30:00,0,2,Nul,False,https://footballpredictions.net/fr/qingdao-hainiu-v-tianjin-jinmen-tiger-pronostics-conseils-paris,2026-07-26T18:00:41.936827+00:00
hier,Chine: Super League,Liaoning Shenyang Urban,Qingdao Youth Island,2026-07-25 11:35:00,0,1,victoire de Liaoning Shenyang Urban,False,https://footballpredictions.net/fr/liaoning-tieren-v-qingdao-west-coast-pronostics-conseils-paris,2026-07-26T18:00:41.937822+00:00
hier,Chine: Super League,Shanghai Port,Shanghai Shenhua,2026-07-25 11:35:00,2,0,victoire de Shanghai Port,True,https://footballpredictions.net/fr/shanghai-port-v-shanghai-shenhua-pronostics-conseils-paris,2026-07-26T18:00:41.938675+00:00
hier,Chine: Super League,Wuhan Three Towns,Chongqing Tonglianglong,2026-07-25 12:00:00,1,0,victoire de Wuhan Three Towns,True,https://footballpredictions.net/fr/chongqing-tonglianglong-v-wuhan-three-towns-pronostics-conseils-paris,2026-07-26T18:00:41.939576+00:00
hier,Tchéquie: Première ligue,Tescoma Zlín,Baník Ostrava,2026-07-25 15:00:00,0,1,victoire de Baník Ostrava,True,https://footballpredictions.net/fr/banik-ostrava-v-zlin-pronostics-conseils-paris,2026-07-26T18:00:41.940462+00:00
hier,Tchéquie: Première ligue,Viktoria Plzeň,Slovan Liberec,2026-07-25 15:00:00,1,3,victoire de Viktoria Plzeň,False,https://footballpredictions.net/fr/slovan-liberec-v-viktoria-plzen-pronostics-conseils-paris,2026-07-26T18:00:41.941248+00:00
hier,Tchéquie: Première ligue,Teplice,Bohemians,2026-07-25 15:00:00,3,1,victoire de Teplice,True,https://footballpredictions.net/fr/bohemians-1905-v-teplice-pronostics-conseils-paris,2026-07-26T18:00:41.942061+00:00
hier,Tchéquie: Première ligue,FC Brno,Sparta Prague,2026-07-25 18:00:00,3,1,victoire de Sparta Prague,False,https://footballpredictions.net/fr/sparta-prague-v-zbrojovka-brno-pronostics-conseils-paris,2026-07-26T18:00:41.942917+00:00
hier,Danemark: 1. division,Hvidovre,Vendsyssel FF,2026-07-25 12:00:00,2,2,victoire de Hvidovre,False,https://footballpredictions.net/fr/hvidovre-v-vendsyssel-ff-pronostics-conseils-paris,2026-07-26T18:00:41.943792+00:00
hier,Danemark: 1. division,Esbjerg,Kolding IF,2026-07-25 13:00:00,1,1,victoire de Esbjerg,False,https://footballpredictions.net/fr/esbjerg-v-kolding-if-pronostics-conseils-paris,2026-07-26T18:00:41.944613+00:00
hier,Danemark: 1. division,Fredericia,HB Køge,2026-07-25 14:00:00,3,0,victoire de Fredericia,True,https://footballpredictions.net/fr/fc-fredericia-v-hb-koge-pronostics-conseils-paris,2026-07-26T18:00:41.945543+00:00
hier,Danemark: Superliga,AGF Aarhus,Brøndby IF,2026-07-25 16:00:00,1,1,victoire de AGF Aarhus,False,https://footballpredictions.net/fr/agf-aarhus-v-brondby-pronostics-conseils-paris,2026-07-26T18:00:41.946397+00:00
hier,Finlande: Veikkausliiga,IFK Mariehamn,AC Oulu,2026-07-25 13:30:00,1,1,victoire de AC Oulu,False,https://footballpredictions.net/fr/ac-oulu-v-ifk-mariehamn-pronostics-conseils-paris,2026-07-26T18:00:41.947245+00:00
hier,Finlande: Veikkausliiga,KuPS,VPS Vaasa,2026-07-25 14:00:00,3,1,victoire de KuPS,True,https://footballpredictions.net/fr/kups-v-vps-pronostics-conseils-paris,2026-07-26T18:00:41.948100+00:00
hier,Hongrie: Nemzeti Bajnokság I,Kisvárda,Budapest Honvéd FC,2026-07-25 17:30:00,1,1,victoire de Kisvárda,False,https://footballpredictions.net/fr/kispest-honved-v-kisvarda-pronostics-conseils-paris,2026-07-26T18:00:41.948962+00:00
hier,Irlande: Première division,Longford Town,Wexford,2026-07-25 18:30:00,1,2,Nul,False,https://footballpredictions.net/fr/longford-town-v-wexford-pronostics-conseils-paris,2026-07-26T18:00:41.949800+00:00
hier,Irlande: Premier Division,Galway United,Waterford,2026-07-25 16:00:00,0,0,victoire de Galway United,False,https://footballpredictions.net/fr/galway-united-v-waterford-pronostics-conseils-paris,2026-07-26T18:00:41.950677+00:00
hier,Irlande: Premier Division,Sligo Rovers,Drogheda United,2026-07-25 18:45:00,2,2,Nul,True,https://footballpredictions.net/fr/drogheda-united-v-sligo-rovers-pronostics-conseils-paris,2026-07-26T18:00:41.951549+00:00
hier,Kazakhstan: première ligue,Ulytau,Irtysh,2026-07-25 13:00:00,1,2,victoire de Ulytau,False,https://footballpredictions.net/fr/irtysh-v-ulytau-pronostics-conseils-paris,2026-07-26T18:00:41.952389+00:00
hier,Kazakhstan: première ligue,Zhetysu,Kyzylzhar,2026-07-25 13:00:00,1,2,victoire de Zhetysu,False,https://footballpredictions.net/fr/kyzylzhar-v-zhetysu-pronostics-conseils-paris,2026-07-26T18:00:41.953191+00:00
hier,Kazakhstan: première ligue,Aktobe,Okzhetpes,2026-07-25 15:00:00,2,1,victoire de Aktobe,True,https://footballpredictions.net/fr/aktobe-v-okzhetpes-pronostics-conseils-paris,2026-07-26T18:00:41.954092+00:00
hier,République de la Corée: K League 1,Gimcheon Sangmu,Daejeon Citizen,2026-07-25 10:30:00,3,2,Nul,False,https://footballpredictions.net/fr/daejeon-hana-citizen-v-gimcheon-sangmu-pronostics-conseils-paris,2026-07-26T18:00:41.954947+00:00
hier,République de la Corée: K League 1,Pohang Steelers,Jeonbuk Hyundai Motors,2026-07-25 10:30:00,0,2,victoire de Jeonbuk Hyundai Motors,True,https://footballpredictions.net/fr/jeonbuk-hyundai-motors-v-pohang-steelers-pronostics-conseils-paris,2026-07-26T18:00:41.955859+00:00
hier,Norvège: Eliteserien,Kristiansund,Start,2026-07-25 14:00:00,1,2,victoire de Kristiansund,False,https://footballpredictions.net/fr/kristiansund-v-start-pronostics-conseils-paris,2026-07-26T18:00:41.956701+00:00
hier,Norvège: OBOS-ligaen,Strømsgodset IF,Lyn,2026-07-25 16:00:00,1,1,victoire de Strømsgodset IF,False,https://footballpredictions.net/fr/lyn-v-stromsgodset-pronostics-conseils-paris,2026-07-26T18:00:41.957537+00:00
hier,Norvège: OBOS-ligaen,FK Haugesund,Bryne,2026-07-25 18:00:00,1,2,victoire de FK Haugesund,False,https://footballpredictions.net/fr/bryne-v-haugesund-pronostics-conseils-paris,2026-07-26T18:00:41.958372+00:00
hier,Pologne: Ekstraklasa,Jagiellonia Białystok,Korona Kielce,2026-07-25 12:45:00,1,0,victoire de Jagiellonia Białystok,True,https://footballpredictions.net/fr/jagiellonia-bialystok-v-korona-kielce-pronostics-conseils-paris,2026-07-26T18:00:41.959299+00:00
hier,Pologne: Ekstraklasa,Górnik Zabrze,Śląsk Wrocław,2026-07-25 15:30:00,2,1,victoire de Górnik Zabrze,True,https://footballpredictions.net/fr/gornik-zabrze-v-slask-wroclaw-pronostics-conseils-paris,2026-07-26T18:00:41.960082+00:00
hier,Pologne: Ekstraklasa,Lech Poznań,Cracovia,2026-07-25 18:15:00,0,0,victoire de Lech Poznań,False,https://footballpredictions.net/fr/cracovia-v-lech-poznan-pronostics-conseils-paris,2026-07-26T18:00:41.960922+00:00
hier,Roumanie: Liga I,Farul Constanța,Corvinul Hunedoara,2026-07-25 14:30:00,2,0,victoire de Farul Constanța,True,https://footballpredictions.net/fr/corvinul-hunedoara-v-farul-constanta-pronostics-conseils-paris,2026-07-26T18:00:41.961794+00:00
hier,Roumanie: Liga I,Dinamo Bucarest,Universitatea Craiova,2026-07-25 17:30:00,5,1,Nul,False,https://footballpredictions.net/fr/dinamo-bucuresti-v-universitatea-craiova-pronostics-conseils-paris,2026-07-26T18:00:41.962608+00:00
hier,Russie: première ligue,Dynamo Moscou,Krylia Sovetov,2026-07-25 11:00:00,0,0,victoire de Dynamo Moscou,False,https://footballpredictions.net/fr/dynamo-moscow-v-krylia-sovetov-samara-pronostics-conseils-paris,2026-07-26T18:00:41.963468+00:00
hier,Russie: première ligue,Akron Tolyatti,Zenit St-Pétersbourg,2026-07-25 13:15:00,0,5,victoire de Zenit St-Pétersbourg,True,https://footballpredictions.net/fr/akron-tolyatti-v-zenit-pronostics-conseils-paris,2026-07-26T18:00:41.964310+00:00
hier,Russie: première ligue,Fakel Voronezh,Dinamo Makhachkala,2026-07-25 15:30:00,1,2,victoire de Fakel Voronezh,False,https://footballpredictions.net/fr/dynamo-makhachkala-v-fakel-voronezh-pronostics-conseils-paris,2026-07-26T18:00:41.965091+00:00
hier,Russie: première ligue,Spartak Moscou,Rodina,2026-07-25 17:45:00,3,0,victoire de Spartak Moscou,True,https://footballpredictions.net/fr/rodina-v-spartak-moscow-pronostics-conseils-paris,2026-07-26T18:00:41.965987+00:00
hier,Écosse: Coupe de la Ligue,Peterhead,Kilmarnock,2026-07-25 14:00:00,0,0,victoire de Kilmarnock,False,https://footballpredictions.net/fr/kilmarnock-v-peterhead-pronostics-conseils-paris,2026-07-26T18:00:41.966838+00:00
hier,Écosse: Coupe de la Ligue,Hamilton Academical,Elgin City,2026-07-25 14:00:00,5,0,victoire de Hamilton Academical,True,https://footballpredictions.net/fr/elgin-city-v-hamilton-academical-pronostics-conseils-paris,2026-07-26T18:00:41.967718+00:00
hier,Écosse: Coupe de la Ligue,Falkirk,Stranraer,2026-07-25 14:00:00,3,0,victoire de Falkirk,True,https://footballpredictions.net/fr/falkirk-v-stranraer-pronostics-conseils-paris,2026-07-26T18:00:41.968566+00:00
hier,Écosse: Coupe de la Ligue,Ayr United,Alloa Athletic,2026-07-25 14:00:00,4,1,victoire de Ayr United,True,https://footballpredictions.net/fr/alloa-athletic-v-ayr-united-pronostics-conseils-paris,2026-07-26T18:00:41.969403+00:00
hier,Écosse: Coupe de la Ligue,St Johnstone,East Fife,2026-07-25 14:00:00,1,1,victoire de St Johnstone,False,https://footballpredictions.net/fr/east-fife-v-st-johnstone-pronostics-conseils-paris,2026-07-26T18:00:41.970201+00:00
hier,Écosse: Coupe de la Ligue,Greenock Morton,Inverness C.T.,2026-07-25 14:00:00,0,1,victoire de Inverness C.T.,True,https://footballpredictions.net/fr/greenock-morton-v-inverness-ct-pronostics-conseils-paris,2026-07-26T18:00:41.971030+00:00
hier,Écosse: Coupe de la Ligue,Stenhousemuir,Livingston,2026-07-25 14:00:00,0,0,victoire de Livingston,False,https://footballpredictions.net/fr/livingston-v-stenhousemuir-pronostics-conseils-paris,2026-07-26T18:00:41.971902+00:00
hier,Écosse: Coupe de la Ligue,Forfar Athletic,Brechin City,2026-07-25 14:00:00,3,1,victoire de Forfar Athletic,True,https://footballpredictions.net/fr/brechin-city-v-forfar-athletic-pronostics-conseils-paris,2026-07-26T18:00:41.972747+00:00
hier,Écosse: Coupe de la Ligue,Dundee,Clyde,2026-07-25 14:00:00,4,0,victoire de Dundee,True,https://footballpredictions.net/fr/clyde-v-dundee-pronostics-conseils-paris,2026-07-26T18:00:41.973592+00:00
hier,Écosse: Coupe de la Ligue,Airdrie United,Ross County,2026-07-25 14:00:00,0,3,victoire de Ross County,True,https://footballpredictions.net/fr/airdrieonians-v-ross-county-pronostics-conseils-paris,2026-07-26T18:00:41.974446+00:00
hier,Écosse: Coupe de la Ligue,Dumbarton,Cove Rangers,2026-07-25 14:00:00,2,0,Nul,False,https://footballpredictions.net/fr/cove-rangers-v-dumbarton-pronostics-conseils-paris,2026-07-26T18:00:41.975262+00:00
hier,Écosse: Coupe de la Ligue,Montrose,Spartans,2026-07-25 14:00:00,0,2,victoire de Montrose,False,https://footballpredictions.net/fr/montrose-v-the-spartans-pronostics-conseils-paris,2026-07-26T18:00:41.976089+00:00
hier,Écosse: Coupe de la Ligue,Arbroath,Stirling Albion,2026-07-25 14:00:00,1,0,victoire de Arbroath,True,https://footballpredictions.net/fr/arbroath-v-stirling-albion-pronostics-conseils-paris,2026-07-26T18:00:41.976911+00:00
hier,Écosse: Coupe de la Ligue,Queen's Park,Queen Of The South,2026-07-25 14:00:00,3,1,victoire de Queen's Park,True,https://footballpredictions.net/fr/queen-of-the-south-v-queens-park-pronostics-conseils-paris,2026-07-26T18:00:41.977754+00:00
hier,Écosse: Coupe de la Ligue,Aberdeen,Kelty Hearts,2026-07-25 14:00:00,3,0,victoire de Aberdeen,True,https://footballpredictions.net/fr/aberdeen-v-kelty-hearts-pronostics-conseils-paris,2026-07-26T18:00:41.978601+00:00
hier,Serbie: SuperLiga,Radnički Niš,Čukarički,2026-07-25 15:30:00,0,2,Nul,False,https://footballpredictions.net/fr/radnicki-nis-v-cukaricki-pronostics-conseils-paris,2026-07-26T18:00:41.979468+00:00
hier,Serbie: SuperLiga,IMT Beograd,Zemun,2026-07-25 18:00:00,4,0,victoire de IMT Beograd,True,https://footballpredictions.net/fr/imt-v-zemun-pronostics-conseils-paris,2026-07-26T18:00:41.980316+00:00
hier,Serbie: SuperLiga,OFK Beograd,Radnik Surdulica,2026-07-25 18:00:00,0,0,victoire de OFK Beograd,False,https://footballpredictions.net/fr/ofk-beograd-v-radnik-surdulica-pronostics-conseils-paris,2026-07-26T18:00:41.981105+00:00
hier,Slovaquie: Super Liga,AS Trenčín,Komarno,2026-07-25 16:00:00,1,1,Nul,True,https://footballpredictions.net/fr/as-trencin-v-komarno-pronostics-conseils-paris,2026-07-26T18:00:41.982040+00:00
hier,Slovaquie: Super Liga,Spartak Trnava,Skalica,2026-07-25 16:00:00,1,1,victoire de Spartak Trnava,False,https://footballpredictions.net/fr/skalica-v-spartak-trnava-pronostics-conseils-paris,2026-07-26T18:00:41.982869+00:00
hier,Slovaquie: Super Liga,Železiarne Podbrezová,Zemplín Michalovce,2026-07-25 18:30:00,2,0,victoire de Železiarne Podbrezová,True,https://footballpredictions.net/fr/zemplin-michalovce-v-zeleziarne-podbrezova-pronostics-conseils-paris,2026-07-26T18:00:41.983844+00:00
hier,Slovénie: PrvaLiga,Aluminij,Celje,2026-07-25 16:00:00,,,,False,https://footballpredictions.net/fr/aluminij-v-celje-pronostics-conseils-paris,2026-07-26T18:00:41.984613+00:00
hier,Slovénie: PrvaLiga,Mura,Olimpija Ljubljana,2026-07-25 16:00:00,1,0,victoire de Olimpija Ljubljana,False,https://footballpredictions.net/fr/mura-v-olimpija-ljubljana-pronostics-conseils-paris,2026-07-26T18:00:41.985389+00:00
hier,Slovénie: PrvaLiga,Maribor,Brinje Grosuplje,2026-07-25 18:15:00,3,0,victoire de Maribor,True,https://footballpredictions.net/fr/brinje-grosuplje-v-maribor-pronostics-conseils-paris,2026-07-26T18:00:41.986137+00:00
hier,Suède: Allsvenskan,Degerfors IF,Djurgårdens IF,2026-07-25 13:00:00,0,1,victoire de Djurgårdens IF,True,https://footballpredictions.net/fr/degerfors-if-v-djurgardens-if-pronostics-conseils-paris,2026-07-26T18:00:41.986935+00:00
hier,Suède: Allsvenskan,Kalmar FF,Mjällby AIF,2026-07-25 15:30:00,2,1,Nul,False,https://footballpredictions.net/fr/kalmar-ff-v-mjallby-aif-pronostics-conseils-paris,2026-07-26T18:00:41.987776+00:00
hier,Suède: Elitettan,IF Elfsborg Dam,Umeå IK,2026-07-25 11:00:00,4,1,victoire de IF Elfsborg Dam,True,https://footballpredictions.net/fr/if-elfsborg-dam-v-umea-ik-pronostics-conseils-paris,2026-07-26T18:00:41.988593+00:00
hier,Suède: Elitettan,Husqvarna FF Dam,IFK Göteborg Women,2026-07-25 11:00:00,4,4,victoire de IFK Göteborg Women,False,https://footballpredictions.net/fr/husqvarna-ff-dam-v-ifk-goteborg-pronostics-conseils-paris,2026-07-26T18:00:41.989449+00:00
hier,Suède: Elitettan,Sandvikens IF Dam,Alingsås IF,2026-07-25 11:00:00,3,3,Nul,True,https://footballpredictions.net/fr/alingsas-if-ff-v-sandvikens-if-dam-pronostics-conseils-paris,2026-07-26T18:00:41.990201+00:00
hier,Suède: Elitettan,Jitex,Örebro SK FK,2026-07-25 12:00:00,3,2,Nul,False,https://footballpredictions.net/fr/jitex-v-orebro-sk-fk-pronostics-conseils-paris,2026-07-26T18:00:41.990949+00:00
hier,Suède: Elitettan,Trelleborgs FF Women,Linköpings FC Féminines,2026-07-25 13:00:00,1,1,victoire de Linköpings FC Féminines,False,https://footballpredictions.net/fr/linkoping-fc-v-trelleborgs-ff-pronostics-conseils-paris,2026-07-26T18:00:41.991739+00:00
hier,Suède: Elitettan,Gamla Upsala SK,KIF Örebro,2026-07-25 14:00:00,1,2,victoire de KIF Örebro,True,https://footballpredictions.net/fr/gamla-upsala-sk-v-kif-orebro-pronostics-conseils-paris,2026-07-26T18:00:41.992534+00:00
hier,Suède: Superettan,IFK Värnamo,IK Brage,2026-07-25 13:00:00,0,0,victoire de IFK Värnamo,False,https://footballpredictions.net/fr/ifk-varnamo-v-ik-brage-pronostics-conseils-paris,2026-07-26T18:00:41.993266+00:00
hier,Suisse: Super League,FC Lausanne-Sport,Grasshopper Club Zürich,2026-07-25 16:00:00,1,1,victoire de FC Lausanne-Sport,False,https://footballpredictions.net/fr/grasshoppers-v-lausanne-sport-pronostics-conseils-paris,2026-07-26T18:00:41.994029+00:00
hier,Suisse: Super League,Servette FC,FC Basel,2026-07-25 16:00:00,0,1,Nul,False,https://footballpredictions.net/fr/basel-v-servette-pronostics-conseils-paris,2026-07-26T18:00:41.994762+00:00
hier,Suisse: Super League,FC Luzern,FC Thun,2026-07-25 18:30:00,1,3,Nul,False,https://footballpredictions.net/fr/luzern-v-thun-pronostics-conseils-paris,2026-07-26T18:00:41.995575+00:00
hier,Uruguay: Tour intermédiaire,Central Español,Liverpool FC,2026-07-25 15:00:00,,,,False,https://footballpredictions.net/fr/central-espanol-v-liverpool-fc-pronostics-conseils-paris,2026-07-26T18:00:41.996265+00:00
hier,Uruguay: Tour intermédiaire,Defensor Sporting,Cerro,2026-07-25 18:00:00,,,,False,https://footballpredictions.net/fr/cerro-v-defensor-sporting-pronostics-conseils-paris,2026-07-26T18:00:41.996933+00:00
hier,Uruguay: Tour intermédiaire,Central Español,Cerro Largo,2026-07-25 18:00:00,0,1,Nul,False,https://footballpredictions.net/fr/central-espanol-v-cerro-largo-pronostics-conseils-paris,2026-07-26T18:00:41.997676+00:00
hier,Uruguay: Tour intermédiaire,Deportivo Maldonado,Juventud,2026-07-25 21:00:00,,,,False,https://footballpredictions.net/fr/deportivo-maldonado-v-juventud-pronostics-conseils-paris,2026-07-26T18:00:41.998348+00:00
hier,Uruguay: Tour intermédiaire,Defensor Sporting,Liverpool FC,2026-07-25 21:00:00,1,2,Nul,False,https://footballpredictions.net/fr/defensor-sporting-v-liverpool-fc-pronostics-conseils-paris,2026-07-26T18:00:41.999069+00:00
j-2,Copa Sudamericana,Independiente Santa Fe,Caracas,2026-07-24 00:30:00,2,0,victoire de Independiente Santa Fe,True,https://footballpredictions.net/fr/caracas-v-independiente-santa-fe-pronostics-conseils-paris,2026-07-26T18:00:44.330979+00:00
j-2,Copa Sudamericana,Boca Juniors,O'Higgins,2026-07-24 00:30:00,1,0,victoire de Boca Juniors,True,https://footballpredictions.net/fr/boca-juniors-v-ohiggins-pronostics-conseils-paris,2026-07-26T18:00:44.331865+00:00
j-2,Argentine: Torneo Clausura,Defensa y Justicia,Aldosivi,2026-07-24 00:45:00,1,1,victoire de Defensa y Justicia,False,https://footballpredictions.net/fr/aldosivi-v-defensa-y-justicia-pronostics-conseils-paris,2026-07-26T18:00:44.332735+00:00
j-2,Argentine: Torneo Clausura,Gimnasia y Esgrima Mendoza,Central Córdoba,2026-07-24 19:45:00,1,0,victoire de Gimnasia y Esgrima Mendoza,True,https://footballpredictions.net/fr/central-cordoba-v-gimnasia-y-esgrima-mendoza-pronostics-conseils-paris,2026-07-26T18:00:44.333536+00:00
j-2,Argentine: Torneo Clausura,Vélez Sarsfield,Instituto,2026-07-24 22:00:00,1,0,victoire de Vélez Sarsfield,True,https://footballpredictions.net/fr/instituto-v-velez-sarsfield-pronostics-conseils-paris,2026-07-26T18:00:44.334311+00:00
j-2,Argentine: Torneo Clausura,Racing Club,Gimna ' Plata,2026-07-24 22:00:00,2,1,victoire de Racing Club,True,https://footballpredictions.net/fr/gimnasia-y-esgrima-v-racing-club-pronostics-conseils-paris,2026-07-26T18:00:44.335098+00:00
j-2,L'Autriche: ÖFB Cup,Wieselburg,WSG Swarovski Tirol,2026-07-24 16:30:00,0,6,victoire de WSG Swarovski Tirol,True,https://footballpredictions.net/fr/wsg-tirol-v-wieselburg-pronostics-conseils-paris,2026-07-26T18:00:44.335959+00:00
j-2,L'Autriche: ÖFB Cup,Dornbirn,SV Ried,2026-07-24 16:30:00,1,5,victoire de SV Ried,True,https://footballpredictions.net/fr/dornbirn-v-sv-ried-pronostics-conseils-paris,2026-07-26T18:00:44.336738+00:00
j-2,L'Autriche: ÖFB Cup,Leobendorf,Cashpoint SCR Altach,2026-07-24 17:00:00,0,1,victoire de Cashpoint SCR Altach,True,https://footballpredictions.net/fr/leobendorf-v-scr-altach-pronostics-conseils-paris,2026-07-26T18:00:44.337734+00:00
j-2,L'Autriche: ÖFB Cup,Lauterach,Wolfsberger AC,2026-07-24 17:00:00,1,5,victoire de Wolfsberger AC,True,https://footballpredictions.net/fr/lauterach-v-wolfsberger-ac-pronostics-conseils-paris,2026-07-26T18:00:44.338811+00:00
j-2,L'Autriche: ÖFB Cup,SV Lafnitz,Scheiblingkirchen-Warth,2026-07-24 17:00:00,3,1,victoire de SV Lafnitz,True,https://footballpredictions.net/fr/sv-lafnitz-v-scheiblingkirchen-warth-pronostics-conseils-paris,2026-07-26T18:00:44.339892+00:00
j-2,L'Autriche: ÖFB Cup,Deutschlandsberger,SKU Amstetten,2026-07-24 17:00:00,1,1,victoire de SKU Amstetten,False,https://footballpredictions.net/fr/deutschlandsberger-v-sku-amstetten-pronostics-conseils-paris,2026-07-26T18:00:44.340965+00:00
j-2,L'Autriche: ÖFB Cup,ATUS Velden,Austria Klagenfurt,2026-07-24 17:00:00,1,2,victoire de ATUS Velden,False,https://footballpredictions.net/fr/atus-velden-v-austria-klagenfurt-pronostics-conseils-paris,2026-07-26T18:00:44.341953+00:00
j-2,L'Autriche: ÖFB Cup,Union Gurten,FC Blau-Weiss Linz,2026-07-24 17:30:00,1,1,victoire de FC Blau-Weiss Linz,False,https://footballpredictions.net/fr/blau-weiss-linz-v-union-gurten-pronostics-conseils-paris,2026-07-26T18:00:44.342775+00:00
j-2,L'Autriche: ÖFB Cup,Traiskirchen,SVG Bleiburg,2026-07-24 17:30:00,4,0,victoire de Traiskirchen,True,https://footballpredictions.net/fr/svg-bleiburg-v-traiskirchen-pronostics-conseils-paris,2026-07-26T18:00:44.343633+00:00
j-2,L'Autriche: ÖFB Cup,Tillmitsch,SKN St. Pölten,2026-07-24 17:30:00,1,1,victoire de SKN St. Pölten,False,https://footballpredictions.net/fr/st-polten-v-tillmitsch-pronostics-conseils-paris,2026-07-26T18:00:44.344376+00:00
j-2,L'Autriche: ÖFB Cup,DSV Leoben,ASK Voitsberg,2026-07-24 17:30:00,0,6,victoire de ASK Voitsberg,True,https://footballpredictions.net/fr/ask-voitsberg-v-dsv-leoben-pronostics-conseils-paris,2026-07-26T18:00:44.345174+00:00
j-2,L'Autriche: ÖFB Cup,SV Horn,Floridsdorfer AC,2026-07-24 17:30:00,1,1,victoire de Floridsdorfer AC,False,https://footballpredictions.net/fr/floridsdorfer-ac-v-sv-horn-pronostics-conseils-paris,2026-07-26T18:00:44.345938+00:00
j-2,L'Autriche: ÖFB Cup,SV Seekirchen,Sturm Graz,2026-07-24 18:30:00,0,3,victoire de Sturm Graz,True,https://footballpredictions.net/fr/seekirchen-v-sturm-graz-pronostics-conseils-paris,2026-07-26T18:00:44.346711+00:00
j-2,Brésil: Serie B,Cuiabá,Atlético Goianiense,2026-07-23 23:30:00,0,1,victoire de Cuiabá,False,https://footballpredictions.net/fr/atletico-goianiense-v-cuiaba-pronostics-conseils-paris,2026-07-26T18:00:44.347542+00:00
j-2,Brésil: Serie B,Botafogo-SP,Juventude,2026-07-24 00:30:00,4,2,victoire de Botafogo-SP,True,https://footballpredictions.net/fr/botafogo-sp-v-juventude-pronostics-conseils-paris,2026-07-26T18:00:44.348354+00:00
j-2,Bulgarie: Première ligue,Arda Kardzhali,Slavia Sofia,2026-07-24 18:15:00,1,0,victoire de Arda Kardzhali,True,https://footballpredictions.net/fr/arda-kardzhali-v-slavia-sofia-pronostics-conseils-paris,2026-07-26T18:00:44.349117+00:00
j-2,Danemark: 1. division,Vejle BK,AB,2026-07-24 16:00:00,2,2,victoire de Vejle BK,False,https://footballpredictions.net/fr/ab-v-vejle-pronostics-conseils-paris,2026-07-26T18:00:44.349893+00:00
j-2,Danemark: 1. division,Aalborg BK,Hillerød,2026-07-24 17:00:00,1,0,victoire de Aalborg BK,True,https://footballpredictions.net/fr/aalborg-bk-v-hillerod-pronostics-conseils-paris,2026-07-26T18:00:44.350670+00:00
j-2,Danemark: Superliga,Viborg FF,Odense BK,2026-07-24 17:00:00,1,0,victoire de Viborg FF,True,https://footballpredictions.net/fr/odense-bk-v-viborg-pronostics-conseils-paris,2026-07-26T18:00:44.351530+00:00
j-2,Finlande: Veikkausliiga,FF Jaro,SJK,2026-07-24 16:00:00,2,1,victoire de SJK,False,https://footballpredictions.net/fr/jaro-v-sjk-pronostics-conseils-paris,2026-07-26T18:00:44.352415+00:00
j-2,Hongrie: Nemzeti Bajnokság I,Nyíregyháza,Újpest FC,2026-07-24 18:00:00,2,1,victoire de Nyíregyháza,True,https://footballpredictions.net/fr/nyiregyhaza-spartacus-v-ujpest-pronostics-conseils-paris,2026-07-26T18:00:44.353203+00:00
j-2,Islande: Úrvalsdeild,Víkingur Reykjavik,Keflavík,2026-07-24 20:00:00,5,1,victoire de Víkingur Reykjavik,True,https://footballpredictions.net/fr/keflavik-v-vikingur-reykjavik-pronostics-conseils-paris,2026-07-26T18:00:44.353974+00:00
j-2,Irlande: Première division,Cobh Ramblers,Bray Wanderers,2026-07-24 18:45:00,1,2,Nul,False,https://footballpredictions.net/fr/bray-wanderers-v-cobh-ramblers-pronostics-conseils-paris,2026-07-26T18:00:44.354774+00:00
j-2,Irlande: Première division,Kerry,Finn Harps,2026-07-24 18:45:00,2,1,victoire de Kerry,True,https://footballpredictions.net/fr/finn-harps-v-kerry-pronostics-conseils-paris,2026-07-26T18:00:44.355570+00:00
j-2,Irlande: Première division,Treaty United,Athlone,2026-07-24 18:45:00,2,1,victoire de Athlone,False,https://footballpredictions.net/fr/athlone-v-treaty-united-pronostics-conseils-paris,2026-07-26T18:00:44.356353+00:00
j-2,Irlande: Première division,UCD,Cork City,2026-07-24 18:45:00,5,2,victoire de Cork City,False,https://footballpredictions.net/fr/cork-city-v-ucd-pronostics-conseils-paris,2026-07-26T18:00:44.357073+00:00
j-2,Irlande: Premier Division,St. Patrick's Athletic,Dundalk,2026-07-24 19:00:00,1,1,victoire de St. Patrick's Athletic,False,https://footballpredictions.net/fr/dundalk-v-st-patricks-athletic-pronostics-conseils-paris,2026-07-26T18:00:44.357839+00:00
j-2,Pologne: Ekstraklasa,Radomiak Radom,Wieczysta Kraków,2026-07-24 16:00:00,2,1,Nul,False,https://footballpredictions.net/fr/radomiak-radom-v-wieczysta-krakow-pronostics-conseils-paris,2026-07-26T18:00:44.358612+00:00
j-2,Pologne: Ekstraklasa,Pogon Szczecin,Legia Varsovie,2026-07-24 18:30:00,0,1,Nul,False,https://footballpredictions.net/fr/legia-warsaw-v-pogon-szczecin-pronostics-conseils-paris,2026-07-26T18:00:44.359423+00:00
j-2,Roumanie: Liga I,UTA Arad,Oţelul Galaţi,2026-07-24 15:30:00,2,2,victoire de UTA Arad,False,https://footballpredictions.net/fr/otelul-galati-v-uta-arad-pronostics-conseils-paris,2026-07-26T18:00:44.360168+00:00
j-2,Roumanie: Liga I,Argeș Pitești,Petrolul Ploieşti,2026-07-24 18:30:00,1,0,victoire de Argeș Pitești,True,https://footballpredictions.net/fr/arges-pitesti-v-petrolul-ploiesti-pronostics-conseils-paris,2026-07-26T18:00:44.360977+00:00
j-2,Russie: première ligue,CSKA Moscou,Baltika Kaliningrad,2026-07-24 17:00:00,2,1,victoire de CSKA Moscou,True,https://footballpredictions.net/fr/baltika-kaliningrad-v-cska-moscow-pronostics-conseils-paris,2026-07-26T18:00:44.361772+00:00
j-2,Suède: Allsvenskan,Västerås SK,Orgryte,2026-07-24 17:00:00,2,0,victoire de Västerås SK,True,https://footballpredictions.net/fr/orgryte-is-v-vasteras-sk-pronostics-conseils-paris,2026-07-26T18:00:44.362534+00:00
j-2,Suisse: Challenge League,Stade Lausanne-Ouchy,Stade Nyonnais,2026-07-24 17:30:00,2,0,victoire de Stade Lausanne-Ouchy,True,https://footballpredictions.net/fr/stade-lausanne-ouchy-v-stade-nyonnais-pronostics-conseils-paris,2026-07-26T18:00:44.363338+00:00
j-2,Suisse: Challenge League,Rapperswil-Jona,FC Wil 1900,2026-07-24 17:30:00,4,5,victoire de FC Wil 1900,True,https://footballpredictions.net/fr/fc-wil-1900-v-rapperswil-jona-pronostics-conseils-paris,2026-07-26T18:00:44.364087+00:00
j-2,Suisse: Challenge League,Neuchatel Xamax FC,Kriens,2026-07-24 17:30:00,3,2,victoire de Neuchatel Xamax FC,True,https://footballpredictions.net/fr/kriens-v-neuchatel-xamax-fc-pronostics-conseils-paris,2026-07-26T18:00:44.364934+00:00
j-2,Suisse: Challenge League,Étoile Carouge,FC Aarau,2026-07-24 18:15:00,3,0,victoire de FC Aarau,False,https://footballpredictions.net/fr/fc-aarau-v-etoile-carouge-pronostics-conseils-paris,2026-07-26T18:00:44.365704+00:00
j-2,Suisse: Challenge League,Winterthur,FC Yverdon-Sports,2026-07-24 18:15:00,2,2,victoire de Winterthur,False,https://footballpredictions.net/fr/winterthur-v-yverdon-sport-pronostics-conseils-paris,2026-07-26T18:00:44.366455+00:00
j-2,Uruguay: Tour intermédiaire,Nacional de Football,Progreso,2026-07-24 22:30:00,,,,False,https://footballpredictions.net/fr/nacional-v-progreso-pronostics-conseils-paris,2026-07-26T18:00:44.367132+00:00
j-3,Etats-Unis: MLS,Philadelphia Union,New York Red Bulls,2026-07-22 23:30:00,3,1,victoire de Philadelphia Union,True,https://footballpredictions.net/fr/new-york-red-bulls-v-philadelphia-union-pronostics-conseils-paris,2026-07-26T18:00:46.940671+00:00
j-3,Etats-Unis: MLS,New Eng. Revolution,Toronto FC,2026-07-22 23:30:00,0,0,victoire de New Eng. Revolution,False,https://footballpredictions.net/fr/new-england-revolution-v-toronto-fc-pronostics-conseils-paris,2026-07-26T18:00:46.941456+00:00
j-3,Etats-Unis: MLS,Inter Miami,Chicago Fire,2026-07-22 23:30:00,3,2,victoire de Inter Miami,True,https://footballpredictions.net/fr/chicago-fire-v-inter-miami-pronostics-conseils-paris,2026-07-26T18:00:46.942254+00:00
j-3,Etats-Unis: MLS,FC Cincinatti,Vancouver Whitecaps,2026-07-22 23:30:00,4,3,victoire de Vancouver Whitecaps,False,https://footballpredictions.net/fr/fc-cincinnati-v-vancouver-whitecaps-pronostics-conseils-paris,2026-07-26T18:00:46.943035+00:00
j-3,Etats-Unis: MLS,Columbus Crew,New York City FC,2026-07-22 23:30:00,1,2,victoire de Columbus Crew,False,https://footballpredictions.net/fr/columbus-crew-v-new-york-city-fc-pronostics-conseils-paris,2026-07-26T18:00:46.943905+00:00
j-3,Etats-Unis: MLS,Charlotte FC,Atlanta United,2026-07-23 00:15:00,2,2,victoire de Charlotte FC,False,https://footballpredictions.net/fr/atlanta-united-v-charlotte-fc-pronostics-conseils-paris,2026-07-26T18:00:46.944696+00:00
j-3,Etats-Unis: MLS,Sporting Kansas City,Minnesota United,2026-07-23 00:30:00,2,1,victoire de Minnesota United,False,https://footballpredictions.net/fr/minnesota-united-v-sporting-kansas-city-pronostics-conseils-paris,2026-07-26T18:00:46.945480+00:00
j-3,Etats-Unis: MLS,Nashville,CF Montreal,2026-07-23 00:30:00,1,0,victoire de Nashville,True,https://footballpredictions.net/fr/cf-montreal-v-nashville-pronostics-conseils-paris,2026-07-26T18:00:46.946272+00:00
j-3,Etats-Unis: MLS,Houston Dynamo,D.C. United,2026-07-23 00:30:00,1,1,victoire de Houston Dynamo,False,https://footballpredictions.net/fr/dc-united-v-houston-dynamo-pronostics-conseils-paris,2026-07-26T18:00:46.947071+00:00
j-3,Etats-Unis: MLS,Colorado Rapids,San Diego FC,2026-07-23 01:30:00,1,0,victoire de Colorado Rapids,True,https://footballpredictions.net/fr/colorado-rapids-v-san-diego-fc-pronostics-conseils-paris,2026-07-26T18:00:46.947942+00:00
j-3,Etats-Unis: MLS,Austin FC,Seattle Sounders FC,2026-07-23 01:30:00,3,1,victoire de Seattle Sounders FC,False,https://footballpredictions.net/fr/austin-fc-v-seattle-sounders-pronostics-conseils-paris,2026-07-26T18:00:46.948740+00:00
j-3,Etats-Unis: MLS,San Jose Earthquakes,Orlando City,2026-07-23 02:30:00,0,4,victoire de San Jose Earthquakes,False,https://footballpredictions.net/fr/orlando-city-v-san-jose-earthquakes-pronostics-conseils-paris,2026-07-26T18:00:46.949544+00:00
j-3,Etats-Unis: MLS,Portland Timbers,FC Dallas,2026-07-23 02:30:00,2,2,Nul,True,https://footballpredictions.net/fr/fc-dallas-v-portland-timbers-pronostics-conseils-paris,2026-07-26T18:00:46.950368+00:00
j-3,Etats-Unis: MLS,Los Angeles Galaxy,St. Louis City,2026-07-23 02:30:00,1,3,victoire de Los Angeles Galaxy,False,https://footballpredictions.net/fr/la-galaxy-v-st-louis-city-pronostics-conseils-paris,2026-07-26T18:00:46.951146+00:00
j-3,Etats-Unis: MLS,Los Angeles FC,Real Salt Lake,2026-07-23 02:30:00,3,1,victoire de Los Angeles FC,True,https://footballpredictions.net/fr/los-angeles-fc-v-real-salt-lake-pronostics-conseils-paris,2026-07-26T18:00:46.952040+00:00
j-3,Qualification pour la Conference League,Malisheva,Hibernian,2026-07-23 14:30:00,2,0,victoire de Hibernian,False,https://footballpredictions.net/fr/hibernian-v-malisheva-pronostics-conseils-paris,2026-07-26T18:00:46.952843+00:00
j-3,Qualification pour la Conference League,Alashkert,Cluj,2026-07-23 15:00:00,1,1,victoire de Cluj,False,https://footballpredictions.net/fr/alashkert-v-cfr-cluj-pronostics-conseils-paris,2026-07-26T18:00:46.953735+00:00
j-3,Qualification pour la Conference League,Liepāja,Austria Vienne,2026-07-23 15:00:00,0,2,victoire de Austria Vienne,True,https://footballpredictions.net/fr/austria-vienna-v-liepaja-pronostics-conseils-paris,2026-07-26T18:00:46.954528+00:00
j-3,Qualification pour la Conference League,Panevėžys,Tobol,2026-07-23 15:30:00,1,1,victoire de Tobol,False,https://footballpredictions.net/fr/panevezys-v-tobol-pronostics-conseils-paris,2026-07-26T18:00:46.955314+00:00
j-3,Qualification pour la Conference League,Paide Linnameeskond,Zira,2026-07-23 16:00:00,1,0,victoire de Zira,False,https://footballpredictions.net/fr/paide-linnameeskond-v-zire-pronostics-conseils-paris,2026-07-26T18:00:46.956079+00:00
j-3,Qualification pour la Conference League,Dila Gori,Apollon Limassol,2026-07-23 16:00:00,0,4,victoire de Apollon Limassol,True,https://footballpredictions.net/fr/apollon-limassol-v-dila-gori-pronostics-conseils-paris,2026-07-26T18:00:46.956904+00:00
j-3,Qualification pour la Conference League,Debreceni VSC,Pyunik,2026-07-23 16:00:00,1,0,victoire de Debreceni VSC,True,https://footballpredictions.net/fr/debreceni-v-pyunik-pronostics-conseils-paris,2026-07-26T18:00:46.957707+00:00
j-3,Qualification pour la Conference League,Flora,The New Saints,2026-07-23 16:00:00,1,0,victoire de Flora,True,https://footballpredictions.net/fr/flora-v-the-new-saints-pronostics-conseils-paris,2026-07-26T18:00:46.958563+00:00
j-3,Qualification pour la Conference League,HJK,Coleraine,2026-07-23 16:00:00,5,0,victoire de HJK,True,https://footballpredictions.net/fr/coleraine-v-hjk-pronostics-conseils-paris,2026-07-26T18:00:46.959398+00:00
j-3,Qualification pour la Conference League,DAC 1904 Dunajská Streda,Velež Mostar,2026-07-23 16:30:00,1,0,victoire de DAC 1904 Dunajská Streda,True,https://footballpredictions.net/fr/dac-dunajska-streda-v-velez-mostar-pronostics-conseils-paris,2026-07-26T18:00:46.960217+00:00
j-3,Qualification pour la Conference League,FK RFS,Vestri,2026-07-23 16:30:00,4,1,victoire de FK RFS,True,https://footballpredictions.net/fr/rfs-v-vestri-pronostics-conseils-paris,2026-07-26T18:00:46.961029+00:00
j-3,Qualification pour la Conference League,AEK Larnaca,Beitar Jerusalem,2026-07-23 16:30:00,0,1,victoire de AEK Larnaca,False,https://footballpredictions.net/fr/aek-larnaca-v-beitar-jerusalem-pronostics-conseils-paris,2026-07-26T18:00:46.961841+00:00
j-3,Qualification pour la Conference League,Raków Częstochowa,Valletta,2026-07-23 16:30:00,3,1,victoire de Raków Częstochowa,True,https://footballpredictions.net/fr/rakow-czestochowa-v-valletta-pronostics-conseils-paris,2026-07-26T18:00:46.962680+00:00
j-3,Qualification pour la Conference League,FC Santa Coloma,Rapid Vienne,2026-07-23 17:00:00,1,3,victoire de Rapid Vienne,True,https://footballpredictions.net/fr/fc-santa-coloma-v-rapid-vienna-pronostics-conseils-paris,2026-07-26T18:00:46.963512+00:00
j-3,Qualification pour la Conference League,BATE Borisov,FC Sion,2026-07-23 17:00:00,1,1,victoire de FC Sion,False,https://footballpredictions.net/fr/bate-borisov-v-sion-pronostics-conseils-paris,2026-07-26T18:00:46.964488+00:00
j-3,Qualification pour la Conference League,Dinamo Tbilisi,Žalgiris Vilnius,2026-07-23 17:00:00,3,0,victoire de Dinamo Tbilisi,True,https://footballpredictions.net/fr/dinamo-tbilisi-v-zalgiris-vilnius-pronostics-conseils-paris,2026-07-26T18:00:46.965693+00:00
j-3,Qualification pour la Conference League,Universitatea Cluj,SK Brann,2026-07-23 17:00:00,2,2,Nul,True,https://footballpredictions.net/fr/brann-v-universitatea-cluj-pronostics-conseils-paris,2026-07-26T18:00:46.966864+00:00
j-3,Qualification pour la Conference League,ML Vitebsk,Sutjeska Nikšić,2026-07-23 17:00:00,3,0,victoire de ML Vitebsk,True,https://footballpredictions.net/fr/ml-vitebsk-v-sutjeska-niksic-pronostics-conseils-paris,2026-07-26T18:00:46.968112+00:00
j-3,Qualification pour la Conference League,Zimbru Chişinău,Noah,2026-07-23 17:00:00,1,1,victoire de Noah,False,https://footballpredictions.net/fr/noah-v-zimbru-chisinau-pronostics-conseils-paris,2026-07-26T18:00:46.969249+00:00
j-3,Qualification pour la Conference League,GAIS,FC Nordsjælland,2026-07-23 17:00:00,1,0,Nul,False,https://footballpredictions.net/fr/fc-nordsjaelland-v-gais-pronostics-conseils-paris,2026-07-26T18:00:46.970407+00:00
j-3,Qualification pour la Conference League,FC Vaduz,Atlètic Club d'Escaldes,2026-07-23 17:30:00,4,0,victoire de FC Vaduz,True,https://footballpredictions.net/fr/atletic-club-descaldes-v-vaduz-pronostics-conseils-paris,2026-07-26T18:00:46.971676+00:00
j-3,Qualification pour la Conference League,Steaua Bucarest,Auda Kekeva,2026-07-23 17:45:00,2,3,victoire de Steaua Bucarest,False,https://footballpredictions.net/fr/auda-v-fcsb-pronostics-conseils-paris,2026-07-26T18:00:46.972824+00:00
j-3,Qualification pour la Conference League,Vojvodina,Ajax,2026-07-23 18:00:00,1,4,victoire de Ajax,True,https://footballpredictions.net/fr/ajax-v-vojvodina-pronostics-conseils-paris,2026-07-26T18:00:46.973991+00:00
j-3,Qualification pour la Conference League,Aluminij,Dinamo Tirana,2026-07-23 18:00:00,0,1,victoire de Dinamo Tirana,True,https://footballpredictions.net/fr/aluminij-v-dinamo-city-pronostics-conseils-paris,2026-07-26T18:00:46.975193+00:00
j-3,Qualification pour la Conference League,Varaždin,Baumit Jablonec,2026-07-23 18:00:00,3,2,Nul,False,https://footballpredictions.net/fr/jablonec-v-varazdin-pronostics-conseils-paris,2026-07-26T18:00:46.976331+00:00
j-3,Qualification pour la Conference League,Polissya Zhytomyr,FC Copenhague,2026-07-23 18:00:00,3,3,victoire de FC Copenhague,False,https://footballpredictions.net/fr/fc-copenhagen-v-polissya-zhytomyr-pronostics-conseils-paris,2026-07-26T18:00:46.977512+00:00
j-3,Qualification pour la Conference League,Paksi SE,Panathinaikos,2026-07-23 18:00:00,1,2,victoire de Panathinaikos,True,https://footballpredictions.net/fr/paksi-v-panathinaikos-pronostics-conseils-paris,2026-07-26T18:00:46.978685+00:00
j-3,Qualification pour la Conference League,MŠK Žilina,GKS Katowice,2026-07-23 18:30:00,2,1,Nul,False,https://footballpredictions.net/fr/gks-katowice-v-msk-zilina-pronostics-conseils-paris,2026-07-26T18:00:46.979888+00:00
j-3,Qualification pour la Conference League,Borac Banja Luka,Petrocub Hîncești,2026-07-23 18:30:00,3,0,victoire de Borac Banja Luka,True,https://footballpredictions.net/fr/borac-banja-luka-v-petrocub-hincesti-pronostics-conseils-paris,2026-07-26T18:00:46.980967+00:00
j-3,Qualification pour la Conference League,Hapoel Tel Aviv,Ludogorets Razgrad,2026-07-23 18:30:00,2,0,victoire de Ludogorets Razgrad,False,https://footballpredictions.net/fr/hapoel-tel-aviv-v-ludogorets-pronostics-conseils-paris,2026-07-26T18:00:46.982027+00:00
j-3,Qualification pour la Conference League,LNZ Cherkasy,KAA Gent,2026-07-23 18:30:00,0,0,victoire de KAA Gent,False,https://footballpredictions.net/fr/gent-v-lnz-cherkasy-pronostics-conseils-paris,2026-07-26T18:00:46.982878+00:00
j-3,Qualification pour la Conference League,Lugano,Dukagjini,2026-07-23 18:30:00,1,0,victoire de Lugano,True,https://footballpredictions.net/fr/dukagjini-v-lugano-pronostics-conseils-paris,2026-07-26T18:00:46.983775+00:00
j-3,Qualification pour la Conference League,NSÍ Runavík,Koper,2026-07-23 18:45:00,0,2,victoire de Koper,True,https://footballpredictions.net/fr/koper-v-nsi-runavik-pronostics-conseils-paris,2026-07-26T18:00:46.984643+00:00
j-3,Qualification pour la Conference League,Shelbourne,Nõmme Kalju,2026-07-23 18:45:00,5,2,victoire de Shelbourne,True,https://footballpredictions.net/fr/nomme-kalju-v-shelbourne-pronostics-conseils-paris,2026-07-26T18:00:46.985487+00:00
j-3,Qualification pour la Conference League,Bravo,Shkëndija,2026-07-23 18:45:00,2,1,victoire de Bravo,True,https://footballpredictions.net/fr/bravo-v-shkendija-pronostics-conseils-paris,2026-07-26T18:00:46.986331+00:00
j-3,Qualification pour la Conference League,Rijeka,Derry City,2026-07-23 18:45:00,1,0,victoire de Rijeka,True,https://footballpredictions.net/fr/derry-city-v-rijeka-pronostics-conseils-paris,2026-07-26T18:00:46.987366+00:00
j-3,Qualification pour la Conference League,Motherwell,Havnar Bóltfelag,2026-07-23 18:45:00,2,0,victoire de Motherwell,True,https://footballpredictions.net/fr/havnar-boltfelag-v-motherwell-pronostics-conseils-paris,2026-07-26T18:00:46.988565+00:00
j-3,Qualification pour la Conference League,Stjarnan,Ilves,2026-07-23 19:00:00,1,0,victoire de Stjarnan,True,https://footballpredictions.net/fr/ilves-v-stjarnan-pronostics-conseils-paris,2026-07-26T18:00:46.989781+00:00
j-3,Qualification pour la Conference League,Partizan Belgrade,UNA Strassen,2026-07-23 19:00:00,4,0,victoire de Partizan Belgrade,True,https://footballpredictions.net/fr/partizan-v-una-strassen-pronostics-conseils-paris,2026-07-26T18:00:46.990718+00:00
j-3,Qualification pour la Conference League,Valur,Zrinjski Mostar,2026-07-23 19:15:00,1,0,victoire de Valur,True,https://footballpredictions.net/fr/valur-v-zrinjski-mostar-pronostics-conseils-paris,2026-07-26T18:00:47.021977+00:00
j-3,Copa Sudamericana,Sporting Cristal,Red Bull Bragantino,2026-07-23 00:30:00,0,0,victoire de Red Bull Bragantino,False,https://footballpredictions.net/fr/red-bull-bragantino-v-sporting-cristal-pronostics-conseils-paris,2026-07-26T18:00:47.023465+00:00
j-3,Copa Sudamericana,Lanús,Cienciano,2026-07-23 00:30:00,2,0,victoire de Lanús,True,https://footballpredictions.net/fr/cienciano-v-lanus-pronostics-conseils-paris,2026-07-26T18:00:47.024654+00:00
j-3,Copa Sudamericana,Bolívar,Grêmio,2026-07-23 22:00:00,3,2,victoire de Bolívar,True,https://footballpredictions.net/fr/bolivar-v-gremio-pronostics-conseils-paris,2026-07-26T18:00:47.025861+00:00
j-3,Qualifications Europa League,Qarabağ,CSKA Sofia,2026-07-23 16:00:00,0,0,victoire de Qarabağ,False,https://footballpredictions.net/fr/cska-sofia-v-qarabag-pronostics-conseils-paris,2026-07-26T18:00:47.027122+00:00
j-3,Qualifications Europa League,Dynamo Kyiv,PAOK,2026-07-23 17:00:00,2,3,Nul,False,https://footballpredictions.net/fr/dynamo-kyiv-v-paok-pronostics-conseils-paris,2026-07-26T18:00:47.028395+00:00
j-3,Qualifications Europa League,Sheriff Tiraspol,Maccabi Tel Aviv,2026-07-23 17:00:00,0,5,Nul,False,https://footballpredictions.net/fr/maccabi-tel-aviv-v-sheriff-tiraspol-pronostics-conseils-paris,2026-07-26T18:00:47.029556+00:00
j-3,Qualifications Europa League,Tromsø IL,Hradec Králové,2026-07-23 17:00:00,0,1,victoire de Tromsø IL,False,https://footballpredictions.net/fr/hradec-kralove-v-tromso-pronostics-conseils-paris,2026-07-26T18:00:47.030722+00:00
j-3,Qualifications Europa League,Hammarby IF,RSC Anderlecht,2026-07-23 17:00:00,1,1,Nul,True,https://footballpredictions.net/fr/anderlecht-v-hammarby-if-pronostics-conseils-paris,2026-07-26T18:00:47.031976+00:00
j-3,Qualifications Europa League,FC Twente,Ferencvárosi TC,2026-07-23 18:00:00,1,2,victoire de FC Twente,False,https://footballpredictions.net/fr/fc-twente-v-ferencvaros-pronostics-conseils-paris,2026-07-26T18:00:47.033180+00:00
j-3,Qualifications Europa League,St Gallen,Benfica,2026-07-23 18:00:00,2,1,victoire de Benfica,False,https://footballpredictions.net/fr/benfica-v-st-gallen-pronostics-conseils-paris,2026-07-26T18:00:47.034329+00:00
j-3,Qualifications Europa League,Beşiktaş,FC Midtjylland,2026-07-23 18:00:00,1,0,victoire de Beşiktaş,True,https://footballpredictions.net/fr/besiktas-v-fc-midtjylland-pronostics-conseils-paris,2026-07-26T18:00:47.035620+00:00
j-3,Qualifications Europa League,Hajduk Split,Pafos,2026-07-23 19:00:00,2,0,victoire de Hajduk Split,True,https://footballpredictions.net/fr/hajduk-split-v-pafos-pronostics-conseils-paris,2026-07-26T18:00:47.036844+00:00
j-3,Argentine: Torneo Clausura,Sarmiento,Argentinos Juniors,2026-07-23 22:30:00,2,3,victoire de Argentinos Juniors,True,https://footballpredictions.net/fr/argentinos-juniors-v-sarmiento-pronostics-conseils-paris,2026-07-26T18:00:47.038027+00:00
j-3,Argentine: Torneo Clausura,Belgrano,Rosario Central,2026-07-23 22:30:00,2,1,victoire de Belgrano,True,https://footballpredictions.net/fr/belgrano-v-rosario-central-pronostics-conseils-paris,2026-07-26T18:00:47.038956+00:00
j-3,Brésil: Serie A,Chapecoense,Flamengo,2026-07-23 00:30:00,0,4,victoire de Flamengo,True,https://footballpredictions.net/fr/chapecoense-v-flamengo-pronostics-conseils-paris,2026-07-26T18:00:47.039810+00:00
j-3,Brésil: Serie A,Internacional,Cruzeiro,2026-07-23 00:30:00,1,2,victoire de Internacional,False,https://footballpredictions.net/fr/cruzeiro-v-internacional-pronostics-conseils-paris,2026-07-26T18:00:47.040577+00:00
j-3,Brésil: Serie A,São Paulo,Atletico PR,2026-07-23 00:30:00,1,2,victoire de São Paulo,False,https://footballpredictions.net/fr/athletico-paranaense-v-sao-paulo-pronostics-conseils-paris,2026-07-26T18:00:47.041497+00:00
j-3,Brésil: Serie A,Botafogo,Vitoria,2026-07-23 22:30:00,0,0,victoire de Botafogo,False,https://footballpredictions.net/fr/botafogo-v-vitoria-pronostics-conseils-paris,2026-07-26T18:00:47.042526+00:00
j-3,Brésil: Serie A,Corinthians,Remo,2026-07-23 22:30:00,3,0,victoire de Corinthians,True,https://footballpredictions.net/fr/corinthians-v-remo-pronostics-conseils-paris,2026-07-26T18:00:47.043572+00:00
j-3,Brésil: Serie B,Goias,Sport Recife,2026-07-22 23:30:00,1,1,victoire de Goias,False,https://footballpredictions.net/fr/goias-v-sport-recife-pronostics-conseils-paris,2026-07-26T18:00:47.044352+00:00
j-3,Brésil: Serie B,Náutico,Londrina,2026-07-23 00:30:00,2,1,victoire de Náutico,True,https://footballpredictions.net/fr/londrina-v-nautico-pronostics-conseils-paris,2026-07-26T18:00:47.045168+00:00
j-3,Brésil: Serie B,Athletic Club,São Bernardo,2026-07-23 22:30:00,2,1,victoire de Athletic Club,True,https://footballpredictions.net/fr/athletic-club-v-sao-bernardo-pronostics-conseils-paris,2026-07-26T18:00:47.045962+00:00
