dataset,horizon_days,threshold,feature,n,n_pos,point_biserial_r,p_value,p_adj_fdr,significant_fdr_10pct
A_coingecko_365d,14,5,dist_from_high_90d,15060,6,-0.02725860559601618,0.000821349597382382,0.005733474117374615,True
A_coingecko_365d,14,5,narr_l2,18800,8,0.022306216699384363,0.0022233562134644836,0.013340137280786903,True
A_coingecko_365d,14,5,dist_from_high_30d,18800,8,-0.019008989582245152,0.009148791208881337,0.04100696431840272,True
A_coingecko_365d,14,5,ret_30d,18800,8,-0.014508405033262523,0.04667199466973369,0.14865894598507767,False
A_coingecko_365d,14,5,ma7_above_ma30,18800,8,-0.014258440803319488,0.05058445314722846,0.1553665346664874,False
A_coingecko_365d,14,5,narr_l1,18800,8,0.011811892673921399,0.10533673147288523,0.2690779873267762,False
A_coingecko_365d,14,5,narr_gaming,18800,8,0.0102072668756202,0.16166510064721504,0.36587364883317086,False
A_coingecko_365d,14,5,price_above_ma30,18800,8,-0.009981280828596159,0.17115331831869307,0.3734362491868423,False
A_coingecko_365d,14,5,vol_30d,18800,8,0.00859585741102442,0.238578211426621,0.45935207871692696,False
A_coingecko_365d,14,5,narr_infra,18800,8,-0.007994476376341292,0.27303851340682894,0.5031709747068706,False
A_coingecko_365d,14,5,tvl_growth_7d,2580,3,-0.02094446905404142,0.2875787506212069,0.5225022370441647,False
A_coingecko_365d,14,5,narr_memecoin,18800,8,-0.006662145448550797,0.36102339437359066,0.6087845473750744,False
A_coingecko_365d,14,5,narr_defi,18800,8,-0.006046398936292491,0.4071084211525596,0.6638562627215876,False
A_coingecko_365d,14,5,narr_rwa,18800,8,-0.005818642019665834,0.42500646736800485,0.6805233445553152,False
A_coingecko_365d,14,5,narr_depin,18800,8,-0.004911072808010715,0.5007363124918109,0.7382283921307842,False
A_coingecko_365d,14,5,tvl_growth_30d,2561,3,-0.013172944033849046,0.5051952555602321,0.7405703178098858,False
A_coingecko_365d,14,5,ret_14d,18800,8,-0.004727508835727848,0.5168789638643471,0.7449987300391148,False
A_coingecko_365d,14,5,ret_2d,18800,8,0.004205113798489023,0.5642499934386586,0.7684035680862829,False
A_coingecko_365d,14,5,ret_1d,18800,8,0.003369163808317095,0.6441336265737555,0.8393256346264086,False
A_coingecko_365d,14,5,ret_7d,18800,8,-0.0031262781187794183,0.6681952720447941,0.8576834835201834,False
A_coingecko_365d,14,5,universe_vol_chg_7d,18800,8,-0.0030354954503094816,0.6772786948472517,0.8631941423304352,False
A_coingecko_365d,14,5,btc_dominance_proxy,18800,8,-0.002950048921715436,0.6858713146424,0.8631941423304352,False
A_coingecko_365d,14,5,vol_rel_7d,18800,8,-0.002557840159464971,0.7258204578632701,0.8917222768034461,False
A_coingecko_365d,14,5,narr_ai,18800,8,0.002494949836079158,0.7322996640049998,0.8954185465084832,False
A_coingecko_365d,14,5,ret_3d,18800,8,0.0019222699410930493,0.7921258478981421,0.918895091472511,False
A_coingecko_365d,14,5,btc_ret_90d,15561,6,0.0022192452260762657,0.7819221278125327,0.918895091472511,False
A_coingecko_365d,14,5,vol_rel_30d,18800,8,-0.0014708817756493638,0.8401795273782993,0.927813161853096,False
A_coingecko_365d,14,5,market_cap_usd,18795,8,-0.0016767292780899162,0.8182037961888322,0.927813161853096,False
A_coingecko_365d,14,5,vol_7d,18800,8,0.0012792120543066894,0.8607770244447559,0.9370484063575824,False
A_coingecko_365d,14,5,price_above_ma7,18800,8,0.001207966418198253,0.8684583221697939,0.9373606389344429,False
A_coingecko_365d,14,5,tvl_to_mcap,3189,3,0.0027291868882317353,0.8775621038832685,0.9373606389344429,False
A_coingecko_365d,30,5,vol_30d,18800,20,0.03965951601808459,5.339515814130078e-08,1.5306612000506224e-06,True
A_coingecko_365d,30,5,dist_from_high_30d,18800,20,-0.03796185854919833,1.9233380684866525e-07,4.135176847246303e-06,True
A_coingecko_365d,30,5,dist_from_high_90d,15060,14,-0.03919379058724705,1.4996703624891874e-06,2.1822234064000477e-05,True
A_coingecko_365d,30,5,narr_l2,18800,20,0.026291425328534523,0.00031181405052500616,0.0025950975817887606,True
A_coingecko_365d,30,5,ma7_above_ma30,18800,20,-0.023494547885253462,0.0012745892344890627,0.0084318980127738,True
A_coingecko_365d,30,5,price_above_ma30,18800,20,-0.018431735507032275,0.011495018479684309,0.04783410915739599,True
A_coingecko_365d,30,5,narr_ai,18800,20,0.01217450479129161,0.09507084433123926,0.25286884368515183,False
A_coingecko_365d,30,5,vol_7d,18800,20,0.01128652400996368,0.12174836490216258,0.293561477988392,False
A_coingecko_365d,30,5,btc_dominance_proxy,18800,20,-0.01013592444594391,0.16461658378965155,0.3693137271106965,False
A_coingecko_365d,30,5,narr_rwa,18800,20,-0.00920301968921335,0.20702173367967677,0.41404346735935355,False
A_coingecko_365d,30,5,btc_ret_90d,15561,14,-0.00886939758754238,0.26858168574675545,0.5021309777004559,False
A_coingecko_365d,30,5,narr_depin,18800,20,-0.007767568376698125,0.2868847242375691,0.5225022370441647,False
A_coingecko_365d,30,5,universe_vol_chg_7d,18800,20,0.006848677924497219,0.3477348625347421,0.6003621965118838,False
A_coingecko_365d,30,5,narr_l1,18800,20,0.006721814108802929,0.3567383830272984,0.6087845473750744,False
A_coingecko_365d,30,5,narr_gaming,18800,20,0.00531228017620352,0.4664055630134072,0.7205547021404733,False
A_coingecko_365d,30,5,ret_14d,18800,20,-0.004953729573981611,0.4970237019243677,0.7369661787154418,False
A_coingecko_365d,30,5,narr_memecoin,18800,20,-0.0049569089344353,0.4967475763376668,0.7369661787154418,False
A_coingecko_365d,30,5,tvl_growth_30d,2561,6,-0.011561432159821158,0.558671790744947,0.7682806792330145,False
A_coingecko_365d,30,5,vol_rel_7d,18800,20,0.0036778687799820433,0.6140842083155096,0.8124806448482127,False
A_coingecko_365d,30,5,narr_infra,18800,20,-0.0029575770650361634,0.6851126205783019,0.8631941423304352,False
A_coingecko_365d,30,5,narr_defi,18800,20,-0.0028821240330706684,0.6927310964124805,0.8634039752387439,False
A_coingecko_365d,30,5,market_cap_usd,18795,20,-0.0026523941265828863,0.7161522082681302,0.8883041814095076,False
A_coingecko_365d,30,5,ret_30d,18800,20,-0.0020050311584389607,0.783394589577078,0.918895091472511,False
A_coingecko_365d,30,5,tvl_growth_7d,2580,6,-0.004822884215746208,0.8065688257534005,0.9249152826912317,False
A_coingecko_365d,30,5,tvl_to_mcap,3189,6,0.0038613652208066176,0.8274514147201288,0.927813161853096,False
A_coingecko_365d,30,5,ret_7d,18800,20,-0.0011082514157292884,0.8792297465974231,0.9373606389344429,False
A_coingecko_365d,30,5,price_above_ma7,18800,20,0.0007010726581064518,0.9234253782439267,0.9645495853721987,False
A_coingecko_365d,30,5,ret_3d,18800,20,-0.0006622365033395112,0.9276552708551652,0.9650607253251315,False
A_coingecko_365d,30,5,ret_1d,18800,20,0.00046909604700959707,0.9487194606152897,0.969055590908399,False
A_coingecko_365d,30,5,vol_rel_30d,18800,20,0.0005617776448341061,0.9386060798042696,0.969055590908399,False
A_coingecko_365d,30,5,ret_2d,18800,20,9.99851590511385e-05,0.9890626515270683,0.9890626515270683,False
A_coingecko_365d,90,5,vol_30d,18800,54,0.06756245276518416,1.7983546142707635e-20,1.5465849682728565e-18,True
A_coingecko_365d,90,5,dist_from_high_90d,15060,43,-0.06051550178065482,1.0647617958127981e-13,4.578475721995032e-12,True
A_coingecko_365d,90,5,dist_from_high_30d,18800,54,-0.05183271786218502,1.1499514996254373e-12,3.708593586292035e-11,True
A_coingecko_365d,90,5,narr_ai,18800,54,0.035059406013655633,1.5224814463256146e-06,2.1822234064000477e-05,True
A_coingecko_365d,90,5,vol_7d,18800,54,0.0342632504486668,2.6142892989403718e-06,3.5499296796137675e-05,True
A_coingecko_365d,90,5,narr_l2,18800,54,0.027908894827296915,0.0001296271801316078,0.0012386597212575854,True
A_coingecko_365d,90,5,btc_ret_90d,15561,45,-0.028499749271530872,0.00037711486564784215,0.0030404886042857274,True
A_coingecko_365d,90,5,btc_dominance_proxy,18800,54,-0.018859231790211945,0.009712352520558607,0.042470965259391875,True
A_coingecko_365d,90,5,universe_vol_chg_7d,18800,54,0.016630363870160002,0.022593062804571632,0.08095847504971501,True
A_coingecko_365d,90,5,narr_rwa,18800,54,-0.015135811863901234,0.037958846771716716,0.12886029561977516,False
A_coingecko_365d,90,5,price_above_ma30,18800,54,-0.01349831908477626,0.06420444582461407,0.18557304565014351,False
A_coingecko_365d,90,5,narr_memecoin,18800,54,0.013261913561319182,0.06901202632854651,0.1951636938388158,False
A_coingecko_365d,90,5,narr_defi,18800,54,-0.012676000188899682,0.08221084292313939,0.22326734183336805,False
A_coingecko_365d,90,5,ma7_above_ma30,18800,54,-0.012110920893940884,0.09681063372560561,0.25486881123679844,False
A_coingecko_365d,90,5,ret_3d,18800,54,-0.010400930989198085,0.1538546162902848,0.3512786814415352,False
A_coingecko_365d,90,5,tvl_growth_30d,2561,12,-0.022232915116928934,0.26070947371093683,0.49097112567461093,False
A_coingecko_365d,90,5,ret_7d,18800,54,0.00668019442834294,0.3597238426296916,0.6087845473750744,False
A_coingecko_365d,90,5,price_above_ma7,18800,54,-0.006608156804616376,0.36492820020212124,0.6113732185204369,False
A_coingecko_365d,90,5,narr_infra,18800,54,0.005756817634706306,0.4299430432655673,0.6805233445553152,False
A_coingecko_365d,90,5,tvl_growth_7d,2580,12,-0.013878973940807112,0.4810238712960267,0.7277722162817641,False
A_coingecko_365d,90,5,narr_gaming,18800,54,-0.004789244659423504,0.511419982113143,0.7424069905050888,False
A_coingecko_365d,90,5,market_cap_usd,18795,54,-0.004358742749799046,0.5501573803099258,0.7682806792330145,False
A_coingecko_365d,90,5,narr_depin,18800,54,-0.003950407391737216,0.5880812275036315,0.7820874056491594,False
A_coingecko_365d,90,5,ret_30d,18800,54,-0.0032725447368518765,0.6536624466627082,0.8433468489649009,False
A_coingecko_365d,90,5,tvl_to_mcap,3189,12,0.005465873293220987,0.7576669859962216,0.9177374759954233,False
A_coingecko_365d,90,5,vol_rel_7d,18800,54,0.0019317942079374823,0.7911196922928412,0.918895091472511,False
A_coingecko_365d,90,5,narr_l1,18800,54,-0.002058751948727606,0.7777415666050548,0.918895091472511,False
A_coingecko_365d,90,5,ret_1d,18800,54,-0.0014398559207260404,0.843506647832174,0.927813161853096,False
A_coingecko_365d,90,5,vol_rel_30d,18800,54,0.0009750974900663402,0.8936478918612022,0.9488113419760912,False
A_coingecko_365d,90,5,ret_2d,18800,54,-0.0008327640144706206,0.9090988501782915,0.9573367483510171,False
A_coingecko_365d,90,5,ret_14d,18800,54,0.00015500396488596965,0.9830449049466499,0.9890375724009856,False
A_coingecko_365d,90,10,narr_l2,18800,6,0.027519522881778995,0.00016081150669001217,0.0014817631687865408,True
A_coingecko_365d,90,10,dist_from_high_30d,18800,6,-0.02678592513098564,0.00023961082475744202,0.0020606530929140015,True
A_coingecko_365d,90,10,ma7_above_ma30,18800,6,-0.024395345762756693,0.0008222424121816309,0.005733474117374615,True
A_coingecko_365d,90,10,narr_infra,18800,6,0.019595563934650152,0.007212120171928889,0.03324248846421094,True
A_coingecko_365d,90,10,universe_vol_chg_7d,18800,6,0.018632904524930667,0.010622836199638065,0.04567819565844368,True
A_coingecko_365d,90,10,price_above_ma30,18800,6,-0.016401800331395044,0.02451864981880885,0.08665495415414634,True
A_coingecko_365d,90,10,narr_ai,18800,6,0.01567615041943878,0.031603133398513915,0.1101838975245485,False
A_coingecko_365d,90,10,ret_30d,18800,6,-0.014867451934591514,0.041500013034250056,0.13726927388251942,False
A_coingecko_365d,90,10,vol_30d,18800,6,0.014439158549310504,0.047729465140447354,0.15017319519799288,False
A_coingecko_365d,90,10,narr_defi,18800,6,-0.014381156916472435,0.04863064497201408,0.15116513738288714,False
A_coingecko_365d,90,10,dist_from_high_90d,15060,6,-0.015400924093778797,0.05876542937021136,0.17228955428993786,False
A_coingecko_365d,90,10,btc_ret_90d,15561,6,-0.010679036827145152,0.18283589586611013,0.3898484391194745,False
A_coingecko_365d,90,10,ret_14d,18800,6,-0.006008075607309551,0.4100881685257048,0.6638562627215876,False
A_coingecko_365d,90,10,narr_gaming,18800,6,-0.0059874936976826495,0.41169380633896907,0.6638562627215876,False
A_coingecko_365d,90,10,narr_memecoin,18800,6,-0.005769280203072104,0.42894525673451045,0.6805233445553152,False
A_coingecko_365d,90,10,narr_l1,18800,6,0.005551328290570546,0.44658835794421137,0.6983017960582214,False
A_coingecko_365d,90,10,tvl_growth_30d,2561,3,-0.014488612891174358,0.4636218970018169,0.7205547021404733,False
A_coingecko_365d,90,10,vol_rel_30d,18800,6,0.005244556494236893,0.47210734787126646,0.7250219985165878,False
A_coingecko_365d,90,10,narr_rwa,18800,6,-0.00503882367505556,0.48966160707353557,0.7344924106103033,False
A_coingecko_365d,90,10,vol_rel_7d,18800,6,0.004258528999162193,0.5593118817815833,0.7682806792330145,False
A_coingecko_365d,90,10,narr_depin,18800,6,-0.0042528875038693615,0.5598324329294834,0.7682806792330145,False
A_coingecko_365d,90,10,price_above_ma7,18800,6,0.002898478197213036,0.691077147673741,0.8634039752387439,False
A_coingecko_365d,90,10,ret_3d,18800,6,0.0024521924603954862,0.7367156495896281,0.8965690452553021,False
A_coingecko_365d,90,10,ret_1d,18800,6,0.0020832650338834624,0.7751659453858778,0.918895091472511,False
A_coingecko_365d,90,10,ret_2d,18800,6,0.001902279567104005,0.794238780613837,0.918895091472511,False
A_coingecko_365d,90,10,vol_7d,18800,6,-0.001585054254793305,0.8279610168145749,0.927813161853096,False
A_coingecko_365d,90,10,market_cap_usd,18795,6,-0.0014529665112834277,0.8421210879454474,0.927813161853096,False
A_coingecko_365d,90,10,tvl_to_mcap,3189,3,0.002729042813259879,0.8775685164863939,0.9373606389344429,False
A_coingecko_365d,90,10,ret_7d,18800,6,0.0008598407336166472,0.9061567150293911,0.9573367483510171,False
A_coingecko_365d,90,10,btc_dominance_proxy,18800,6,-0.00032905308933156205,0.9640160535783933,0.9791974087528562,False
A_coingecko_365d,90,10,tvl_growth_7d,2580,3,0.0003652809771483395,0.985204093438191,0.9890375724009856,False
B_coinbase_multiyear,14,5,ret_1d,28621,9,0.016689162934700734,0.004750200150648413,0.025011257936067153,True
B_coinbase_multiyear,14,5,narr_l2,28621,9,0.016487405215841543,0.0052811597072197685,0.027051530603317563,True
B_coinbase_multiyear,14,5,ret_14d,28621,9,0.013918533892290788,0.018537022299937332,0.06832216790548332,True
B_coinbase_multiyear,14,5,ret_7d,28621,9,0.013609954297117303,0.021306819910505023,0.07742478221000418,True
B_coinbase_multiyear,14,5,price_above_ma30,28621,9,0.012176324165941416,0.03940374976726185,0.13202814857082545,False
B_coinbase_multiyear,14,5,price_above_ma7,28621,9,0.01176655412214897,0.04652298221719529,0.14865894598507767,False
B_coinbase_multiyear,14,5,vol_rel_30d,28621,9,0.0105911967636471,0.07317088144930542,0.2008307171693702,False
B_coinbase_multiyear,14,5,vol_rel_7d,28621,9,0.009740892116490367,0.0993719351860185,0.2570809846439459,False
B_coinbase_multiyear,14,5,ret_2d,28621,9,0.009438342691640888,0.1103280676831229,0.2763557423519001,False
B_coinbase_multiyear,14,5,narr_defi,28621,9,-0.00879593831654896,0.13674088405133322,0.3207195280476725,False
B_coinbase_multiyear,14,5,vol_7d,28621,9,0.008454505198286206,0.1526382559866472,0.3512786814415352,False
B_coinbase_multiyear,14,5,ma7_above_ma30,28621,9,0.007811184254754038,0.18635521133183236,0.3908914188911605,False
B_coinbase_multiyear,14,5,ret_3d,28621,9,0.007698881356161223,0.19276625130079617,0.3978695426848433,False
B_coinbase_multiyear,14,5,narr_l1,28621,9,0.007383432087415255,0.21163856799077976,0.4179693742669846,False
B_coinbase_multiyear,14,5,btc_ret_90d,28612,9,0.0069759662602584555,0.23801882172827493,0.45935207871692696,False
B_coinbase_multiyear,14,5,dist_from_high_30d,28621,9,0.0067091060076137155,0.256378479346538,0.48636505640740296,False
B_coinbase_multiyear,14,5,ret_30d,28621,9,0.005962541466412062,0.31312222529563055,0.5571416146639495,False
B_coinbase_multiyear,14,5,coin_age_days,4885,1,-0.013559277922398005,0.3433857957778477,0.5986049683154372,False
B_coinbase_multiyear,14,5,narr_memecoin,28621,9,-0.0045535860446535015,0.44110161856932795,0.6939281560419915,False
B_coinbase_multiyear,14,5,dist_from_high_90d,26770,6,0.003583069875235254,0.5577277320951954,0.7682806792330145,False
B_coinbase_multiyear,14,5,narr_ai,28621,9,-0.0036150305338140017,0.5408310062344075,0.7682806792330145,False
B_coinbase_multiyear,14,5,narr_rwa,28621,9,0.0027854771289509885,0.6374835154748816,0.8348768882869008,False
B_coinbase_multiyear,14,5,narr_depin,28621,9,0.0027915809886237164,0.636746379464401,0.8348768882869008,False
B_coinbase_multiyear,14,5,narr_infra,28621,9,0.0017758870604357795,0.7638513880369017,0.918895091472511,False
B_coinbase_multiyear,14,5,narr_gaming,28621,9,0.0013200450903077371,0.8232925572622621,0.927813161853096,False
B_coinbase_multiyear,14,5,vol_30d,28621,9,0.0004402621866268815,0.9406291133314967,0.969055590908399,False
B_coinbase_multiyear,14,5,universe_vol_chg_7d,28621,9,-0.0003686284239236611,0.9502754437977711,0.969055590908399,False
B_coinbase_multiyear,30,5,btc_ret_90d,28612,38,0.02611945222792819,9.930209266190017e-06,0.00011645427230350111,True
B_coinbase_multiyear,30,5,narr_l2,28621,38,0.020961452166894205,0.00039047488928829765,0.003052803679890327,True
B_coinbase_multiyear,30,5,narr_depin,28621,38,0.019875983870134565,0.0007716937679010482,0.005688485489099156,True
B_coinbase_multiyear,30,5,ret_7d,28621,38,0.019080537498803257,0.001245940571283169,0.0084318980127738,True
B_coinbase_multiyear,30,5,price_above_ma7,28621,38,0.018522963532113683,0.001725589090241578,0.011130049632058178,True
B_coinbase_multiyear,30,5,ret_14d,28621,38,0.017673215067487456,0.0027896660444703173,0.01635758726075777,True
B_coinbase_multiyear,30,5,ret_3d,28621,38,0.01694499791137852,0.004146558873179655,0.022287753943340646,True
B_coinbase_multiyear,30,5,ret_1d,28621,38,0.016426294106023726,0.005452246478188036,0.027051530603317563,True
B_coinbase_multiyear,30,5,narr_l1,28621,38,0.016462844967396806,0.005349327168700499,0.027051530603317563,True
B_coinbase_multiyear,30,5,vol_7d,28621,38,0.01588085806785365,0.007215423852696948,0.03324248846421094,True
B_coinbase_multiyear,30,5,narr_gaming,28621,38,0.015390930609103695,0.009218619885532395,0.04100696431840272,True
B_coinbase_multiyear,30,5,coin_age_days,4885,9,-0.0354231201795223,0.013287713412037378,0.054416350163581644,True
B_coinbase_multiyear,30,5,price_above_ma30,28621,38,0.014396038804853826,0.014871037482367875,0.05902657954539864,True
B_coinbase_multiyear,30,5,ret_2d,28621,38,0.01068552920682512,0.07064963393822876,0.1959957586673443,False
B_coinbase_multiyear,30,5,ret_30d,28621,38,0.009733071210189667,0.09964379249765346,0.2570809846439459,False
B_coinbase_multiyear,30,5,narr_memecoin,28621,38,-0.009361475273795545,0.11325841254470291,0.2799089113821487,False
B_coinbase_multiyear,30,5,dist_from_high_90d,26770,31,0.008011996328443533,0.18990985503659727,0.3951350209632427,False
B_coinbase_multiyear,30,5,ma7_above_ma30,28621,38,0.007592850120985386,0.19896663773585835,0.40740787726866234,False
B_coinbase_multiyear,30,5,vol_30d,28621,38,0.007480438283137039,0.2056979902334653,0.41404346735935355,False
B_coinbase_multiyear,30,5,dist_from_high_30d,28621,38,0.007347907423051791,0.2138447961365968,0.4179693742669846,False
B_coinbase_multiyear,30,5,vol_rel_30d,28621,38,0.005776243995382331,0.32848225657362073,0.5804686451780421,False
B_coinbase_multiyear,30,5,narr_ai,28621,38,-0.0033634394965361943,0.5693596829338486,0.7690827130729474,False
B_coinbase_multiyear,30,5,vol_rel_7d,28621,38,0.003251606207134026,0.5822673961909697,0.779216919276162,False
B_coinbase_multiyear,30,5,narr_infra,28621,38,-0.00240899640788852,0.6836183297007804,0.8631941423304352,False
B_coinbase_multiyear,30,5,narr_defi,28621,38,-0.0014470573933422879,0.8066121651377021,0.9249152826912317,False
B_coinbase_multiyear,30,5,narr_rwa,28621,38,0.0011548895335601154,0.8451011357964247,0.927813161853096,False
B_coinbase_multiyear,30,5,universe_vol_chg_7d,28621,38,-0.0009971558377066458,0.8660413283640369,0.9373606389344429,False
B_coinbase_multiyear,30,10,narr_l2,28621,5,0.025246804335928217,1.9400275715353574e-05,0.00021762048411135747,True
B_coinbase_multiyear,30,10,narr_depin,28621,5,0.016973346959685064,0.004084144021991103,0.022287753943340646,True
B_coinbase_multiyear,30,10,ret_7d,28621,5,0.01621674439702279,0.006077553820707413,0.02958507331589646,True
B_coinbase_multiyear,30,10,narr_l1,28621,5,0.014344674759080831,0.01523206496954611,0.05954352669913479,True
B_coinbase_multiyear,30,10,narr_infra,28621,5,0.014225407608014624,0.016100277206198294,0.06199808237610686,True
B_coinbase_multiyear,30,10,ret_14d,28621,5,0.01227178674348678,0.03788500526097744,0.12886029561977516,False
B_coinbase_multiyear,30,10,price_above_ma30,28621,5,0.011962919615978899,0.04298662571742257,0.1403867017100636,False
B_coinbase_multiyear,30,10,ma7_above_ma30,28621,5,0.011176441960790429,0.05865397161289633,0.17228955428993786,False
B_coinbase_multiyear,30,10,btc_ret_90d,28612,5,0.009345900364021054,0.11391641742296749,0.2799089113821487,False
B_coinbase_multiyear,30,10,dist_from_high_30d,28621,5,0.009009495167921544,0.1274668684907024,0.30450418583890015,False
B_coinbase_multiyear,30,10,dist_from_high_90d,26770,2,0.008938362358992095,0.1436276096412726,0.3338371467337688,False
B_coinbase_multiyear,30,10,vol_7d,28621,5,0.007877478038706153,0.18264541049382632,0.3898484391194745,False
B_coinbase_multiyear,30,10,narr_defi,28621,5,-0.007811426747599631,0.18634154071516776,0.3908914188911605,False
B_coinbase_multiyear,30,10,price_above_ma7,28621,5,0.006819730972181718,0.24862009695813034,0.4751406297422046,False
B_coinbase_multiyear,30,10,ret_30d,28621,5,0.0056172747529375415,0.3419689567727696,0.5986049683154372,False
B_coinbase_multiyear,30,10,ret_3d,28621,5,0.004939427112314932,0.40337538593353883,0.6628716533175352,False
B_coinbase_multiyear,30,10,narr_gaming,28621,5,-0.004152672798532445,0.4823606549774483,0.7277722162817641,False
B_coinbase_multiyear,30,10,narr_ai,28621,5,-0.0038742581775830977,0.5122032725190148,0.7424069905050888,False
B_coinbase_multiyear,30,10,narr_rwa,28621,5,-0.0036493505317224868,0.5369954499118169,0.7682806792330145,False
B_coinbase_multiyear,30,10,narr_memecoin,28621,5,-0.003393805424523414,0.5658785966526889,0.7684035680862829,False
B_coinbase_multiyear,30,10,vol_30d,28621,5,-0.0020793713879002198,0.7250124792852227,0.8917222768034461,False
B_coinbase_multiyear,30,10,ret_2d,28621,5,0.0016738682842519536,0.7770476348487989,0.918895091472511,False
B_coinbase_multiyear,30,10,vol_rel_7d,28621,5,-0.0016115336108956323,0.7851427448881492,0.918895091472511,False
B_coinbase_multiyear,30,10,ret_1d,28621,5,0.0012294136893550556,0.8352445580029448,0.927813161853096,False
B_coinbase_multiyear,30,10,universe_vol_chg_7d,28621,5,-0.00039803462783858805,0.9463145892502702,0.969055590908399,False
B_coinbase_multiyear,30,10,vol_rel_30d,28621,5,0.00019886345406079642,0.9731628394723157,0.9846118140543431,False
B_coinbase_multiyear,90,5,btc_ret_90d,28612,277,0.07192288290986966,3.921523558250405e-34,1.0117530780286045e-31,True
B_coinbase_multiyear,90,5,coin_age_days,4885,90,-0.13232727685355597,1.5837066077280633e-20,1.5465849682728565e-18,True
B_coinbase_multiyear,90,5,narr_l1,28621,277,0.04783895002512835,5.607576852039354e-16,3.6168870695653834e-14,True
B_coinbase_multiyear,90,5,narr_depin,28621,277,0.04231462697093607,7.975578541156643e-13,2.939570376597734e-11,True
B_coinbase_multiyear,90,5,narr_defi,28621,277,0.03098754115730468,1.5762509295177654e-07,3.6970249074143954e-06,True
B_coinbase_multiyear,90,5,ret_30d,28621,277,0.029980063507671205,3.918632857385806e-07,7.776979055427215e-06,True
B_coinbase_multiyear,90,5,price_above_ma30,28621,277,0.029426421610313624,6.38651675209218e-07,1.1628429970369548e-05,True
B_coinbase_multiyear,90,5,ma7_above_ma30,28621,277,0.029357516579894737,6.782762847866497e-07,1.1628429970369548e-05,True
B_coinbase_multiyear,90,5,dist_from_high_90d,26770,227,0.028602402613884886,2.8613058796354457e-06,3.691084584729725e-05,True
B_coinbase_multiyear,90,5,ret_14d,28621,277,0.02615041880881533,9.661048936186481e-06,0.00011645427230350111,True
B_coinbase_multiyear,90,5,narr_memecoin,28621,277,-0.023899751976003112,5.261437722486928e-05,0.000542980372960651,True
B_coinbase_multiyear,90,5,dist_from_high_30d,28621,277,0.023189938884433957,8.724628951278629e-05,0.0008657516420884178,True
B_coinbase_multiyear,90,5,ret_7d,28621,277,0.022109550745649895,0.00018348608306296616,0.0016323934286291471,True
B_coinbase_multiyear,90,5,narr_l2,28621,277,0.020613282367975216,0.0004875221491081168,0.0036994327785262976,True
B_coinbase_multiyear,90,5,narr_ai,28621,277,-0.018079195019615836,0.0022229371882065314,0.013340137280786903,True
B_coinbase_multiyear,90,5,ret_1d,28621,277,0.017114491004544038,0.0037858995030992573,0.021705823817769074,True
B_coinbase_multiyear,90,5,price_above_ma7,28621,277,0.01703763106096159,0.00394575959885862,0.022130564706641823,True
B_coinbase_multiyear,90,5,universe_vol_chg_7d,28621,277,0.015890740454516845,0.007179387120459509,0.03324248846421094,True
B_coinbase_multiyear,90,5,vol_30d,28621,277,0.014948012312068638,0.011442159755283747,0.04783410915739599,True
B_coinbase_multiyear,90,5,ret_3d,28621,277,0.014502737547066312,0.01414508801373591,0.05702238605537289,True
B_coinbase_multiyear,90,5,vol_7d,28621,277,0.014099211717703813,0.017066003226685503,0.06475042400713028,True
B_coinbase_multiyear,90,5,ret_2d,28621,277,0.010918187980115074,0.06473478336632914,0.18557304565014351,False
B_coinbase_multiyear,90,5,narr_infra,28621,277,-0.008132909765146527,0.16886270096298203,0.3734362491868423,False
B_coinbase_multiyear,90,5,narr_rwa,28621,277,0.00748792119369502,0.205244827567719,0.41404346735935355,False
B_coinbase_multiyear,90,5,narr_gaming,28621,277,-0.0035979482482177494,0.5427451893290628,0.7682806792330145,False
B_coinbase_multiyear,90,5,vol_rel_30d,28621,277,0.0032461331937408055,0.5829025791484468,0.779216919276162,False
B_coinbase_multiyear,90,5,vol_rel_7d,28621,277,-0.0010865649653858075,0.8541591491910808,0.9337841546241478,False
B_coinbase_multiyear,90,10,btc_ret_90d,28612,37,0.04464812275899305,4.165992437713162e-14,2.1496520978599915e-12,True
B_coinbase_multiyear,90,10,narr_depin,28621,37,0.031787624208777024,7.495371964454265e-08,1.9338059668292e-06,True
B_coinbase_multiyear,90,10,narr_l1,28621,37,0.029287211660972208,7.211429438988867e-07,1.1628429970369548e-05,True
B_coinbase_multiyear,90,10,narr_l2,28621,37,0.025104878440900324,2.1601246561012078e-05,0.00023221340053087983,True
B_coinbase_multiyear,90,10,coin_age_days,4885,12,-0.04376702414670916,0.0022157210406590472,0.013340137280786903,True
B_coinbase_multiyear,90,10,narr_ai,28621,37,-0.014060462494868886,0.01737256149888186,0.06495827343060175,True
B_coinbase_multiyear,90,10,dist_from_high_90d,26770,26,0.011892384843767848,0.05168414322173317,0.1568765758965548,False
B_coinbase_multiyear,90,10,narr_gaming,28621,37,-0.011302812804499242,0.05585589459878793,0.1675676837963638,False
B_coinbase_multiyear,90,10,ret_14d,28621,37,0.010725875737640016,0.06959325516732967,0.1951636938388158,False
B_coinbase_multiyear,90,10,narr_rwa,28621,37,-0.009932862019043816,0.0928826187808866,0.24962203797363275,False
B_coinbase_multiyear,90,10,ret_7d,28621,37,0.009496694213389934,0.10814383354049847,0.27354028483773146,False
B_coinbase_multiyear,90,10,narr_memecoin,28621,37,-0.009237315162860495,0.11812076335883921,0.2875014806281181,False
B_coinbase_multiyear,90,10,price_above_ma30,28621,37,0.008859775260687026,0.1339156935620595,0.3169747609083611,False
B_coinbase_multiyear,90,10,ma7_above_ma30,28621,37,0.008121006058469313,0.16948716383775597,0.3734362491868423,False
B_coinbase_multiyear,90,10,narr_infra,28621,37,0.008068846629314178,0.17224385136912493,0.3734362491868423,False
B_coinbase_multiyear,90,10,vol_30d,28621,37,0.007351617117391721,0.21361363601315375,0.4179693742669846,False
B_coinbase_multiyear,90,10,vol_rel_30d,28621,37,-0.006486166855087835,0.2725204965285285,0.5031709747068706,False
B_coinbase_multiyear,90,10,ret_1d,28621,37,0.0061624744187189304,0.29717255885878774,0.532434167955328,False
B_coinbase_multiyear,90,10,narr_defi,28621,37,0.006175121927476912,0.29618220113941973,0.532434167955328,False
B_coinbase_multiyear,90,10,price_above_ma7,28621,37,0.005535440754872039,0.34904778866969993,0.6003621965118838,False
B_coinbase_multiyear,90,10,ret_3d,28621,37,0.005135932682692707,0.3849282890015678,0.6407193455639,False
B_coinbase_multiyear,90,10,ret_30d,28621,37,0.005060345972495505,0.39196217278123585,0.6482451319074286,False
B_coinbase_multiyear,90,10,vol_rel_7d,28621,37,-0.004197299131070063,0.4776667070474037,0.7277722162817641,False
B_coinbase_multiyear,90,10,dist_from_high_30d,28621,37,0.00351868733385399,0.5516708292107906,0.7682806792330145,False
B_coinbase_multiyear,90,10,ret_2d,28621,37,0.0026514619911202756,0.6537572472596132,0.8433468489649009,False
B_coinbase_multiyear,90,10,universe_vol_chg_7d,28621,37,-0.0011978553879162617,0.839415400674394,0.927813161853096,False
B_coinbase_multiyear,90,10,vol_7d,28621,37,0.0005873557924541382,0.9208500533034829,0.9645495853721987,False
