n_test,n_pos_test,roc_auc,pr_auc,precision_at_0.5,recall_at_0.5,f1_at_0.5,precision_top10pct,base_rate,model,fold,dataset,horizon,threshold
2975,3,0.30192911619560336,0.0010106276621033416,0.0,0.0,0.0,0.0,0.0010084033613445378,logreg,test_year=2022,B_coinbase_multiyear,30,5
2975,3,0.32626738447734405,0.0008933067468439074,0.0,0.0,0.0,0.0,0.0010084033613445378,random_forest,test_year=2022,B_coinbase_multiyear,30,5
2975,3,0.2802826379542396,0.0009225595116976041,0.0,0.0,0.0,0.0,0.0010084033613445378,xgboost,test_year=2022,B_coinbase_multiyear,30,5
2975,3,0.40836698070883803,0.0010970305887777927,0.0,0.0,0.0,0.0,0.0010084033613445378,lightgbm,test_year=2022,B_coinbase_multiyear,30,5
2975,3,0.25975773889636605,0.0008762652745908331,0.0,0.0,0.0,0.0,0.0010084033613445378,catboost,test_year=2022,B_coinbase_multiyear,30,5
4098,4,0.4486443575964827,0.0010803499387833598,0.0007547169811320754,0.25,0.0015048908954100827,0.0,0.0009760858955588092,logreg,test_year=2023,B_coinbase_multiyear,30,5
4098,4,0.7415730337078652,0.0029664878940714357,0.0,0.0,0.0,0.0024449877750611247,0.0009760858955588092,random_forest,test_year=2023,B_coinbase_multiyear,30,5
4098,4,0.6021617000488519,0.06353633368898005,0.0,0.0,0.0,0.0024449877750611247,0.0009760858955588092,xgboost,test_year=2023,B_coinbase_multiyear,30,5
4098,4,0.6096726917440156,0.0026312060220801408,0.0,0.0,0.0,0.0024449877750611247,0.0009760858955588092,lightgbm,test_year=2023,B_coinbase_multiyear,30,5
4098,4,0.49022960429897416,0.0078119237534318795,0.0,0.0,0.0,0.0024449877750611247,0.0009760858955588092,catboost,test_year=2023,B_coinbase_multiyear,30,5
5129,10,0.5935534284039852,0.004570249779161578,0.0038729666924864447,0.5,0.007686395080707148,0.00390625,0.0019496977968414895,logreg,test_year=2024,B_coinbase_multiyear,30,5
5129,10,0.5580972846259035,0.0030930029860805823,0.0,0.0,0.0,0.00390625,0.0019496977968414895,random_forest,test_year=2024,B_coinbase_multiyear,30,5
5129,10,0.6042781793319008,0.005161722010375205,0.0,0.0,0.0,0.0078125,0.0019496977968414895,xgboost,test_year=2024,B_coinbase_multiyear,30,5
5129,10,0.6032428208634499,0.008855147361597223,0.0,0.0,0.0,0.009765625,0.0019496977968414895,lightgbm,test_year=2024,B_coinbase_multiyear,30,5
5129,10,0.5408087517093183,0.0043247036492393195,0.0,0.0,0.0,0.005859375,0.0019496977968414895,catboost,test_year=2024,B_coinbase_multiyear,30,5
7442,9,0.5196346622419541,0.0013740982727984392,0.0008976660682226212,0.1111111111111111,0.0017809439002671415,0.0,0.001209352324643913,logreg,test_year=2025,B_coinbase_multiyear,30,5
7442,9,0.6893732155403083,0.0034454610376134648,0.0,0.0,0.0,0.004032258064516129,0.001209352324643913,random_forest,test_year=2025,B_coinbase_multiyear,30,5
7442,9,0.6269339432261536,0.0018942092474925596,0.0,0.0,0.0,0.0013440860215053765,0.001209352324643913,xgboost,test_year=2025,B_coinbase_multiyear,30,5
7442,9,0.6901206332122517,0.0026364230206916564,0.0,0.0,0.0,0.0013440860215053765,0.001209352324643913,lightgbm,test_year=2025,B_coinbase_multiyear,30,5
7442,9,0.5692482473055593,0.00209367718045193,0.0,0.0,0.0,0.0013440860215053765,0.001209352324643913,catboost,test_year=2025,B_coinbase_multiyear,30,5
5736,3,0.6374207802779231,0.0009238487969319384,0.0,0.0,0.0,0.0,0.0005230125523012552,logreg,test_year=2026,B_coinbase_multiyear,30,5
5736,3,0.1819291819291819,0.0004145198590372753,0.0,0.0,0.0,0.0,0.0005230125523012552,random_forest,test_year=2026,B_coinbase_multiyear,30,5
5736,3,0.3529856386999244,0.0005254992841622027,0.0,0.0,0.0,0.0,0.0005230125523012552,xgboost,test_year=2026,B_coinbase_multiyear,30,5
5736,3,0.3631025059596488,0.0005348698269863336,0.0,0.0,0.0,0.0,0.0005230125523012552,lightgbm,test_year=2026,B_coinbase_multiyear,30,5
5736,3,0.2622826908541195,0.0004545221747224061,0.0,0.0,0.0,0.0,0.0005230125523012552,catboost,test_year=2026,B_coinbase_multiyear,30,5
694,2,0.11921965317919075,0.002414290015916032,0.0,0.0,0.0,0.0,0.002881844380403458,logreg,test_year=2020,B_coinbase_multiyear,90,10
694,2,0.15968208092485547,0.002881844380403458,0.0,0.0,0.0,0.0,0.002881844380403458,random_forest,test_year=2020,B_coinbase_multiyear,90,10
694,2,0.37572254335260113,0.003385768513157048,0.0,0.0,0.0,0.0,0.002881844380403458,xgboost,test_year=2020,B_coinbase_multiyear,90,10
694,2,0.21604046242774566,0.002724638858427088,0.0,0.0,0.0,0.0,0.002881844380403458,lightgbm,test_year=2020,B_coinbase_multiyear,90,10
694,2,0.3078034682080925,0.0030374742721395605,0.0,0.0,0.0,0.0,0.002881844380403458,catboost,test_year=2020,B_coinbase_multiyear,90,10
1597,8,0.46231906859660166,0.00492585835025445,0.0,0.0,0.0,0.0,0.005009392611145898,logreg,test_year=2021,B_coinbase_multiyear,90,10
1597,8,0.6502517306482064,0.0079132939706258,0.0,0.0,0.0,0.006289308176100629,0.005009392611145898,random_forest,test_year=2021,B_coinbase_multiyear,90,10
1597,8,0.5652926368785399,0.0064007254364627526,0.0,0.0,0.0,0.0,0.005009392611145898,xgboost,test_year=2021,B_coinbase_multiyear,90,10
1597,8,0.6471837633731907,0.007754565645125876,0.0,0.0,0.0,0.0,0.005009392611145898,lightgbm,test_year=2021,B_coinbase_multiyear,90,10
1597,8,0.703823159219635,0.012500236563942646,0.0,0.0,0.0,0.012578616352201259,0.005009392611145898,catboost,test_year=2021,B_coinbase_multiyear,90,10
4098,11,0.06406121404898014,0.0015484436515454968,0.0,0.0,0.0,0.0,0.0026842362127867253,logreg,test_year=2023,B_coinbase_multiyear,90,10
4098,11,0.4032297528749694,0.002400771487663047,0.0,0.0,0.0,0.0024449877750611247,0.0026842362127867253,random_forest,test_year=2023,B_coinbase_multiyear,90,10
4098,11,0.49135840914651774,0.0029529954719775264,0.0,0.0,0.0,0.0024449877750611247,0.0026842362127867253,xgboost,test_year=2023,B_coinbase_multiyear,90,10
4098,11,0.5400716239962631,0.0032100298876102055,0.0,0.0,0.0,0.0024449877750611247,0.0026842362127867253,lightgbm,test_year=2023,B_coinbase_multiyear,90,10
4098,11,0.4336143425940343,0.002384103859387745,0.0,0.0,0.0,0.0,0.0026842362127867253,catboost,test_year=2023,B_coinbase_multiyear,90,10
7442,12,0.5671713772992373,0.0018563111806288045,0.0,0.0,0.0,0.0,0.0016124697661918839,logreg,test_year=2025,B_coinbase_multiyear,90,10
7442,12,0.671624046657694,0.0030378249399807917,0.0,0.0,0.0,0.0013440860215053765,0.0016124697661918839,random_forest,test_year=2025,B_coinbase_multiyear,90,10
7442,12,0.6909937191565724,0.003320764395466351,0.0,0.0,0.0,0.004032258064516129,0.0016124697661918839,xgboost,test_year=2025,B_coinbase_multiyear,90,10
7442,12,0.5687752355316285,0.0020167148938865006,0.0,0.0,0.0,0.0013440860215053765,0.0016124697661918839,lightgbm,test_year=2025,B_coinbase_multiyear,90,10
7442,12,0.49253028263795423,0.001598207373431038,0.0,0.0,0.0,0.0,0.0016124697661918839,catboost,test_year=2025,B_coinbase_multiyear,90,10
5407,3,0.41105354058721927,0.0006109590599542889,0.0,0.0,0.0,0.0,0.000554836323284631,logreg,holdout_30pct,A_coingecko_365d,30,5
5407,3,0.9476930668640513,0.01299649704060327,0.0,0.0,0.0,0.003703703703703704,0.000554836323284631,random_forest,holdout_30pct,A_coingecko_365d,30,5
5407,3,0.9340611892425363,0.005442173914483052,0.0,0.0,0.0,0.005555555555555556,0.000554836323284631,xgboost,holdout_30pct,A_coingecko_365d,30,5
5407,3,0.9547865778435727,0.00952963322473089,0.0,0.0,0.0,0.005555555555555556,0.000554836323284631,lightgbm,holdout_30pct,A_coingecko_365d,30,5
5407,3,0.9446089316555638,0.006457239012889698,0.0,0.0,0.0,0.005555555555555556,0.000554836323284631,catboost,holdout_30pct,A_coingecko_365d,30,5
